docs/CNAME,wU7K92zpvJ+3vrT2O63oNCAEzPc=
docs/about/about_header.avif,EJpR0xPazqbq6nlcP2xIhuJRBcc=
docs/about/about_header.jpg,fLvDbqY7RyRIsY92CLWkqdCEVDg=
docs/about/about_header.webp,p+4ucPHJsUGRnvAp60aOVwysQnE=
docs/about/about_preview.avif,fKNq4X4BB6VZniCrJdW0nswsy3g=
docs/about/about_preview.jpg,fC3j8QnmmsmbUVJoRGz+i0i16ZM=
docs/about/about_preview.webp,X9EE5RbdFAMKRppfK4q5KGo1rmI=
docs/artificialmuseum-preview.avif,UovnHnx6aUXK8jQMpVTZt8gEZWE=
docs/artificialmuseum-preview.jpg,WRCRadVNRf3HSTgQv6TreGWWORU=
docs/artificialmuseum-preview.webp,SxuDzJ16oXgT65l3HjAi4nqz6h8=
docs/artificialmuseum.avif,M7T5kmyYDaytuIeLgSGhVyxhiX4=
docs/artificialmuseum.png,fzMeG4WyiKG+LOCYMVK78mGJtsw=
docs/artificialmuseum.webp,FOobYQ96EIIa+AwzwDcVjb/L75A=
docs/artificialmuseum_logo_black.avif,yN8Uo2nq62TpdUrJ2jQwl1hAsNY=
docs/artificialmuseum_logo_black.png,J9goOdRwtSM3ZkcJgDofdsemp3k=
docs/artificialmuseum_logo_black.webp,DL0yP1LNP/u7o5IjbwM7WW/0ybE=
docs/audio/fluesterkonus.mp3,jrPgXTs7C/epVZOYr0U5dt3XQaU=
docs/audio/fluesterkonus.mp4,nTufAcqJpHg71ALmJgQhpure4F0=
docs/audio/fluesterkonus.webm,DL2kiVQsCFz0C4w0+YtN2tZ+pn0=
docs/audio/fluesterkonus_audio_yppen.mp3,Lh/jerg/dacbQNFZVH1sPPPpsLg=
docs/audio/modul.mp3,JTBaA1w/HYpNOiukP+Iv6tmGD00=
docs/audio/modul.mp4,NHPv/94SQ6OFxw85D8F3O7A7shI=
docs/audio/systemstructuredefragmentation.mp3,KU2lE9wsHotBEGpIfmGyQcnTMV0=
docs/audio/systemstructuredefragmentation.mp4,P1mOSse/don+C5lRSmyWJyIonh8=
docs/audio/thewound.mp3,b7DW3pOP+62UzInCf/suc2X/Dxg=
docs/audio/thewound.mp4,rqyx6t0Dz/2qKttRZnCuu7wS+Eg=
docs/button/arrow-down.svg,BMtPfFDCELCfVeVZrboLkRcWijo=
docs/button/arrow-left.svg,68Gn2IGZoXDEuplFLAWof2y5JSw=
docs/button/arrow-right.svg,eZ0g+S/o4MMLmPCL/0lpaN1Dz90=
docs/button/arrow-up.svg,M6Q0AOe3wRnfL2brJ+tJtAFRNJA=
docs/button/artificialroom/btn_gameover.png,X4Z3v7fG8BvFvwTvyA5evy2Q9vw=
docs/button/artificialroom/btn_gameover.webp,JuJ5Pc43cNYTYDzjH09EO8aljTQ=
docs/button/artificialroom/btn_replay.png,NP86QxAdP+SH1C2l2qbmvb3S+Ys=
docs/button/artificialroom/btn_replay.webp,clQz8ecVmoYpqqI+n1HjZo5hku8=
docs/button/artificialroom/btn_votenow.png,XRKZTnyxZXG97CG/K2j/sqMYDtM=
docs/button/artificialroom/btn_votenow.webp,Nrb66vtJsI5azOrgvMUd08jWo1A=
docs/button/artificialroom/istherefuture.png,1f+rh/qeTk18B5AQRrmv2REVHzk=
docs/button/artificialroom/istherefuture.webp,mRa+djB65bWRmh84vz1CrWSsA24=
docs/button/artificialroom/thanksforvoting.jpg,DCPRN2TnJL3Fjk0v+HqaX08Kf1A=
docs/button/artificialroom/thanksforvoting.webp,w6o49BLES66Z33FbxduelNrcDdE=
docs/button/exit.svg,PuZqqWl1zD8PLCQRJ0VJAj/QHcY=
docs/button/list.svg,mZwbbBiI6Tb1BFRdZeoHjmmEDpM=
docs/button/location.svg,2xHrfpLzT8KScD2d3cHU5pd5Zls=
docs/button/map.svg,CmpWbnNdN16q0ynD8GeOmvjVQnc=
docs/button/minus.svg,YzneilZIGfCrMXT+Z8ZpSeWev/A=
docs/button/plus.svg,NJ2u4CrGL7G9rDV+Syq+sf2UmgE=
docs/button/searching.svg,W9a0hY3bkgKD0T34R65ByxllAsU=
docs/button/x.svg,ihcKAwDKV872aJsqWreSFHGtgGE=
docs/cursor/cursor-disabled.svg,ulFvdFZgv14roH5Nd8uNDo6Vut0=
docs/data/narrenturm.js,eH5ALV/MTeI0hx55rQlltiXtHcs=
docs/data/narrenturmsao.js,eH5ALV/MTeI0hx55rQlltiXtHcs=
docs/favicon.avif,MNfPoquTZu9ptXCONLqEMtIgLoE=
docs/favicon.ico,qM8bSPfWB71oAH0ewJvIjVwuSEg=
docs/favicon.png,+7h5VYIfpKO64maeqVTY4bfPJ4k=
docs/favicon.webp,cedGD0ngt5e6Wqt/3otnk0DLg+U=
docs/featured/exponentialsharks.avif,4nAab7IBdqIRkokGwb7ydJcFVu4=
docs/featured/exponentialsharks.jpg,eMBLz5fV9jGV99uTQxxRnI/oAzI=
docs/featured/exponentialsharks.webp,+uT33GnNMfXchyyAjwpB4uG3Ijk=
docs/featured/nadiasvision.avif,DfTeY96w6rgJxm8PDvkyQtBHfgw=
docs/featured/nadiasvision.jpg,yCUg5p0q/wxq4uBeUn9gu3r8z1A=
docs/featured/nadiasvision.webp,c+Mt2DXWVzXtoq+k5Iai8g2UNsk=
docs/featured/narrenturm.avif,4x8JAx3/rSozWfKU/KuH/sGmKxQ=
docs/featured/narrenturm.jpg,Rc/18Bo1K5K2ZcyTGfA1/bwe87w=
docs/featured/narrenturm.webp,ZHpCm4pTzwrsAwZkyheCvxgjvF4=
docs/featured/whenthecoldstonebreaksopenwecomeout.avif,FeG+OL+UFx7AHXd/MpASk9OqRtA=
docs/featured/whenthecoldstonebreaksopenwecomeout.jpg,/B/qUR51BWUsrHFFkww2HXTHl7g=
docs/featured/whenthecoldstonebreaksopenwecomeout.webp,RsvOp+1OlLn5tC5GcA53K2/OFOw=
docs/featured/xarshyperobject.avif,L0CG1yQbL1XjD2ckrfxJjYoZ0bI=
docs/featured/xarshyperobject.jpg,s4RPq7UZCpElfGY314WqahOYRQ4=
docs/featured/xarshyperobject.webp,x+5HJnsjWkuYSKOwbzQcisq8/f4=
docs/font/json/droid_sans_bold.typeface.json,fAo34h8trZkaImS1fHCBIwYy/4E=
docs/font/json/droid_sans_mono_regular.typeface.json,eee0mKt0YG7Ls7v+0GZPpMpDsVs=
docs/font/json/droid_sans_regular.typeface.json,Kot8cHl0TZkCBf3E5Wvl1RclDYY=
docs/font/json/droid_serif_bold.typeface.json,Drxdn2PFoEg6MRmeiaBxsHteCpE=
docs/font/json/droid_serif_regular.typeface.json,rqjZe8K9JhNZUVJr1qoGYWvL4bM=
docs/font/json/gentilis_bold.typeface.json,VVJA82gVdaIjpdj7LwHKZr4EphI=
docs/font/json/gentilis_regular.typeface.json,zn+rD/XXQLutu9TDMtP3aQPjoA0=
docs/font/json/helvetiker_bold.typeface.json,aiZUhJ44P7qhW9s4T8/zlQIsubI=
docs/font/json/helvetiker_regular.typeface.json,2sbMuYLbNepMZfvH8DlmBn+zxSI=
docs/font/json/optimer_bold.typeface.json,POwQenlQUBOgFF0mni0q5GW48T0=
docs/font/json/optimer_regular.typeface.json,YKyUw6jQt1QmemXxRbqeeviM0tg=
docs/font/notosans-400-italic.woff,ZW/Z1HtIXDU8t6RAFuUwbLM4DkQ=
docs/font/notosans-400-italic.woff2,CDaY4rBk65nRgacX29SPgE+yDVw=
docs/font/notosans-400-normal.woff,f9aqhGGXI8GDK5cdiS2cW+PuWR4=
docs/font/notosans-400-normal.woff2,fuUvC6CRb97JDvhyQ0kdTxVPgMY=
docs/font/notosans-500-italic.woff,UvL75/jMFEHLEWUtoIHUYr06Mko=
docs/font/notosans-500-italic.woff2,I52U4rbhJoucezYIonyZsCu6Ws0=
docs/font/notosans-500-normal.woff,0VowYs/lUG/dOpdwPTY6LNGA7gA=
docs/font/notosans-500-normal.woff2,LtqKziW2XprOLTBtOyj5W5Y36F0=
docs/font/notosans-600-italic.woff,x/lT1DukIn0C8IglEIHxDXpW4lk=
docs/font/notosans-600-italic.woff2,IU7IzzL58EKEsv3lhWxnhllPr3w=
docs/font/notosans-600-normal.woff,PAt9wANHYLcxz/LXfI4fLmIyhzs=
docs/font/notosans-600-normal.woff2,PsmBXjLFna2PrKztc8gOQpoCdsk=
docs/font/notosans-700-italic.woff,x/lT1DukIn0C8IglEIHxDXpW4lk=
docs/font/notosans-700-italic.woff2,IU7IzzL58EKEsv3lhWxnhllPr3w=
docs/font/notosans-700-normal.woff,PAt9wANHYLcxz/LXfI4fLmIyhzs=
docs/font/notosans-700-normal.woff2,PsmBXjLFna2PrKztc8gOQpoCdsk=
docs/font/notosans-black-normal.woff2,lTbmlxTL9OHMUNi1OelBdSul4zc=
docs/font/notosans-bold-italic.woff,x/lT1DukIn0C8IglEIHxDXpW4lk=
docs/font/notosans-bold-italic.woff2,IU7IzzL58EKEsv3lhWxnhllPr3w=
docs/font/notosans-bold.woff,PAt9wANHYLcxz/LXfI4fLmIyhzs=
docs/font/notosans-bold.woff2,PsmBXjLFna2PrKztc8gOQpoCdsk=
docs/font/notosans-regular-italic.woff,ZW/Z1HtIXDU8t6RAFuUwbLM4DkQ=
docs/font/notosans-regular-italic.woff2,CDaY4rBk65nRgacX29SPgE+yDVw=
docs/font/notosans-regular.woff,f9aqhGGXI8GDK5cdiS2cW+PuWR4=
docs/font/notosans-regular.woff2,fuUvC6CRb97JDvhyQ0kdTxVPgMY=
docs/font/notosans-semibold-italic.woff,UvL75/jMFEHLEWUtoIHUYr06Mko=
docs/font/notosans-semibold-italic.woff2,I52U4rbhJoucezYIonyZsCu6Ws0=
docs/font/notosans-semibold.woff,0VowYs/lUG/dOpdwPTY6LNGA7gA=
docs/font/notosans-semibold.woff2,LtqKziW2XprOLTBtOyj5W5Y36F0=
docs/index.html,sqqyNPU9KTqvsLNq9cHiMKL+GtE=
docs/introbild.avif,3OX/IN0riWEEHfrzHdejGv9e7WY=
docs/introbild.jpg,a6jvviHp0IA16rTkZlAvDk4udQk=
docs/introbild.webp,dlFGEWNbnXO2ysmUbOaqC8OTMFw=
docs/latk/.gitignore,4s+sWjATBpqec9R9qzPXXYb/4Ik=
docs/latk/latk_logo.js,8Im6FGzcSMPZDiFLmfQw9BXE5Xo=
docs/latk/orbitalline1.js,tGRzzQ7s7LYWA7veg+/aI+owbsE=
docs/logo.avif,474nIGSyNUdUSnMiUeHKKMNvtbc=
docs/logo.png,NRHp4oD4LOmXnzVktQk/foCnFAc=
docs/logo.webp,mCDRktFp9KFOLX/LQq3Dt2yYItQ=
docs/logo/aacollections.avif,S/YeowQthU4JdtiMZmpKEabPTmg=
docs/logo/aacollections.png,ePUXGB14IQYMwDCkehiydufaHqw=
docs/logo/aacollections.webp,qFE2ZckRiZzBZpT/M/J5WvJrck8=
docs/logo/artificialmuseum-logo.avif,xaB6Sax46FgJWYn7GDYs1c1oBBg=
docs/logo/artificialmuseum-logo.jpg,fN6T/JiWtY2uXsegPyKss181ceY=
docs/logo/artificialmuseum-logo.webp,U3bk9p6ciwdzzIvQbP9tRL+BkwY=
docs/logo/karree49.avif,ZH2gCwij3Oxbi07zdhG6qgqmFhc=
docs/logo/karree49.png,YQpUSxKvShylmYjkrUrM5WBPvL0=
docs/logo/karree49.webp,oElC3pydSjYONAl2VwAVlDQZEgk=
docs/logo/koer.avif,zDeI4EJ6xMElUQkGjNpWi+6/mAo=
docs/logo/koer.png,Pb1/KD9iPRhJKZpJ4XjGUFsLJUE=
docs/logo/koer.webp,mhIE0fbwKlYhwqqIW8HelSWrToQ=
docs/logo/lokomov.avif,MYv/x8dCscZ82oiD3y9a76v8YRQ=
docs/logo/lokomov.png,g7ledoYHC+8bgImEE4TqKkzh7zA=
docs/logo/lokomov.webp,saEWUGogiQjv6Yh7uYzGMvemoc0=
docs/logo/magic.avif,h7Qiw0eAfYVqAPzyTvnSxEkNDys=
docs/logo/magic.png,wcNPfTPfQ+tJJuksXL+CC1TKU78=
docs/logo/magic.webp,emC4fijUzKIS4OjtA2tBv/FG9L0=
docs/logo/mq.avif,669FMfvQV44q/XfQvUTkMYChZ+E=
docs/logo/mq.png,wX80Tng59yngg9aubge9DMFpZis=
docs/logo/mq.webp,yAgSW7hGBoc5y1BNxT6NjcwpD/U=
docs/logo/object.avif,Sbfb78n1y7fJkqGViohs7G3C8jo=
docs/logo/object.svg,i7DyZvzeCcqK8HXBvdvCLyOZ5jg=
docs/logo/sks.avif,xm1Lhui69Y+wtrHD0UnN88ZYpn0=
docs/logo/sks.png,RNaelPbzgJD+BfeyTD4UcX6BWxw=
docs/logo/sks.webp,KSrQ02Z5ZxrYS82F8yQ+cvzrRyE=
docs/logo/smac.avif,QCcsbABJEhb5SeoSKXh+0j0mo6E=
docs/logo/smac.png,Z9gF8ngmWzZSD6tyTrtjAdppyb4=
docs/logo/smac.webp,2N9AkRHoalDocrIiB/W87VzmTr0=
docs/logo/usus.avif,BEQwhpH90pK69zT0MSCRJgBxtBk=
docs/logo/usus.png,MN94/Kswa13XQd9j+002zri+8y8=
docs/logo/usus.webp,0UgudvKlWSil2Gkhd+HmOTPAc8o=
docs/map/marker/cities/chemnitz.svg,SHkLGvBysmD2Y3+fGj76NL2hXqw=
docs/map/marker/cities/vienna.svg,vfePVKW7u2R5fq7WRr1RFNS2rTQ=
docs/map/marker/city.svg,i7DyZvzeCcqK8HXBvdvCLyOZ5jg=
docs/map/marker/location-1.svg,S+90wKbQkI02hXSTU5tYV7Ps0hg=
docs/map/marker/location-2.svg,iEVyR+hziEi1f8+R9/BtnOpkugo=
docs/map/marker/location-3.svg,11pUxlC9FNZhxdy5vIFHOlR5WXY=
docs/map/marker/location-4.svg,SDi50HU0pLlGw/FFtdrACR1Vstk=
docs/map/marker/location-5.svg,+V342RR74tOozRLXKWCV7fTCewY=
docs/map/marker/location-6.svg,BoBxSTjm61e1xNBz0kg7dWLgeXU=
docs/map/marker/location-7.svg,L0fHkKRhGoL6j53pHiOqodHiyqE=
docs/map/marker/location-8.svg,gkFuIWx4tWvB/vEQiwwf3giF4AM=
docs/map/marker/location-9-plus.svg,mVK7vxh8YhVArChIqEBTCLCuSrg=
docs/map/marker/location-9.svg,qF1NDYlpq3asSaDZ2+9lXYLEFjU=
docs/map/marker/logo/aacollections.png,ePUXGB14IQYMwDCkehiydufaHqw=
docs/map/marker/logo/aacollections.webp,qFE2ZckRiZzBZpT/M/J5WvJrck8=
docs/map/marker/logo/artificialmuseum-logo.jpg,fN6T/JiWtY2uXsegPyKss181ceY=
docs/map/marker/logo/artificialmuseum-logo.webp,U3bk9p6ciwdzzIvQbP9tRL+BkwY=
docs/map/marker/logo/karree49.png,YQpUSxKvShylmYjkrUrM5WBPvL0=
docs/map/marker/logo/karree49.webp,oElC3pydSjYONAl2VwAVlDQZEgk=
docs/map/marker/logo/koer.png,Pb1/KD9iPRhJKZpJ4XjGUFsLJUE=
docs/map/marker/logo/koer.webp,mhIE0fbwKlYhwqqIW8HelSWrToQ=
docs/map/marker/logo/lokomov.png,g7ledoYHC+8bgImEE4TqKkzh7zA=
docs/map/marker/logo/lokomov.webp,saEWUGogiQjv6Yh7uYzGMvemoc0=
docs/map/marker/logo/magic.png,wcNPfTPfQ+tJJuksXL+CC1TKU78=
docs/map/marker/logo/magic.webp,emC4fijUzKIS4OjtA2tBv/FG9L0=
docs/map/marker/logo/mq.png,E8+E1vU4djLYK1qM4UjVVW9mMPk=
docs/map/marker/logo/mq.webp,u3YCq5/Zz8XpxQryDhXIBbtYCw8=
docs/map/marker/logo/object.svg,i7DyZvzeCcqK8HXBvdvCLyOZ5jg=
docs/map/marker/logo/sks.png,RNaelPbzgJD+BfeyTD4UcX6BWxw=
docs/map/marker/logo/sks.webp,KSrQ02Z5ZxrYS82F8yQ+cvzrRyE=
docs/map/marker/logo/smac.png,Z9gF8ngmWzZSD6tyTrtjAdppyb4=
docs/map/marker/logo/smac.webp,2N9AkRHoalDocrIiB/W87VzmTr0=
docs/map/marker/logo/usus.png,MN94/Kswa13XQd9j+002zri+8y8=
docs/map/marker/logo/usus.webp,0UgudvKlWSil2Gkhd+HmOTPAc8o=
docs/map/marker/object.svg,i7DyZvzeCcqK8HXBvdvCLyOZ5jg=
docs/object/acceptance.avif,sR6tMd9WU7c8W69mr2mZrP8/G5k=
docs/object/acceptance.jpg,Wlt59+UowDHBt/PpoPhXNO3N1/k=
docs/object/acceptance.webp,TNJ1/wTP29HYTN0ck4mwsCc5fRI=
docs/object/allesgutebaer.avif,AKP3naFzEQtZmzrGCgBkhjgr0/Q=
docs/object/allesgutebaer.jpg,4LPaemgm++2+tGS+d+wmIMCsv2E=
docs/object/allesgutebaer.webp,unnIqO+4f3SOrf+0cx87TiddXmM=
docs/object/anodtothepast.avif,kxBNRZxTLiTKlJ7lYlNOudVpS7g=
docs/object/anodtothepast.jpg,Ysgx6JYLAy87s4xhy71P4suEpNI=
docs/object/anodtothepast.webp,ZMK3ewQ5Suqh6WSqchExZU/bu58=
docs/object/ausliebe.avif,ZOfXFAZsrQLcYJWOCAvG3Uw16Sc=
docs/object/ausliebe.jpg,0S5ZB/GJbsBWHtSddOp85Xtj0R8=
docs/object/ausliebe.webp,kcajbPw80XnipVnbnoPJ7JusYOQ=
docs/object/babyspidey.avif,S6lQkLCa3LERxp8f8nxpgUUFLic=
docs/object/babyspidey.jpg,E5S49faQxQrVVsLQ1NVZT4Niuoc=
docs/object/babyspidey.webp,jsYv+ZHEKREDGcdQQZaFTcnkIXI=
docs/object/bambipolster.avif,Qlez1nzEe4I5zYPfmVscSZ8cRGs=
docs/object/bambipolster.jpg,405cpYTZfq9uN8X6VF+2tuINhjQ=
docs/object/bambipolster.webp,Vnhh0eX4i4utUE6xuezNSFoeMU4=
docs/object/bastishoehlengleichnis.avif,mLy18Y6b3sLcDtJpdDviHqrOOyk=
docs/object/bastishoehlengleichnis.jpg,pM/rUsAoGdioQmTHqmSRlwPbmis=
docs/object/bastishoehlengleichnis.webp,rjGUvF5sJ2vMRsZ1nfj3yrhimUk=
docs/object/beingwildstayingput.avif,bJYaP2XKf4CziaHUsoN8cfqPwXU=
docs/object/beingwildstayingput.jpg,fa8qSaTU/BClLV4s5ScOtzPUgfY=
docs/object/beingwildstayingput.webp,iCKr/w2/5rU2eIDdgHzFaUKvp5k=
docs/object/betabug.avif,PPokLsV+WpGeBnuN1iWNVrJuNXM=
docs/object/betabug.jpg,Pr659fdR52stO7jtSEM7gNV/MPM=
docs/object/betabug.webp,ZCU8oPVIK6A0XqP1xGJvzz1aCxs=
docs/object/beyondutopia.avif,ixGHSlPY4qVB6/QEDJcbWXfxrAg=
docs/object/beyondutopia.jpg,Ui4FnVO2sLdmNlhp9KbvSnlxr0Y=
docs/object/beyondutopia.webp,FrU6JDvF/SQmhi8gzc+RsF5x7FU=
docs/object/blinki.avif,dxLM48xV5Pagm2mWCeBFY5VLKd8=
docs/object/blinki.jpg,mQXcZL43S4RxSqRXgHZ46d/YAUE=
docs/object/blinki.webp,v7pEuCzoNaQr4WaiaFoAmogNsUc=
docs/object/blobettes.avif,ILzIOtQobn8Dp+Ss7LKkND8UTjM=
docs/object/blobettes.jpg,q7NK1OvZ4unSbh1cQQGJZ/vSXhs=
docs/object/blobettes.webp,fwrFbLb1++8VCSLVovt69eBxTV8=
docs/object/bluemolecular.avif,LZ77hiR5uwQz7y0f4eAN4y1YiXE=
docs/object/bluemolecular.jpg,3yyqkODQGAuSCLjVq83KZ8lsjT0=
docs/object/bluemolecular.webp,JzDwjit9XpeANTjDs8DXir5YRqo=
docs/object/boehmischemasse.avif,suZREsi/Od+9MleNVjWvrglMsBw=
docs/object/boehmischemasse.jpg,gmIQ3z9t5aBcQDEvg9249FGIwnE=
docs/object/boehmischemasse.webp,pJ6BIGq40YdXTunnQVu7XtOzFAw=
docs/object/bottle.avif,bmpDrfwWh00S8Y0UgaiO5TxYaZc=
docs/object/bottle.jpg,BOuD+ddbzew/FJo5pm4wZeEhGNM=
docs/object/bottle.webp,sq92d9xFJsrh0BH3i9myP/CrHPA=
docs/object/brutalityisarhythm.avif,EgS1k4yAExClWetOfwBHzTMFDhY=
docs/object/brutalityisarhythm.jpg,csYHkCkdCN2sRXEI3rte7/ebzdk=
docs/object/brutalityisarhythm.webp,LQyKFwLAK2Dj3I+OZFCvLdMSrQc=
docs/object/calmbeforethestorm.avif,FkOu+LYMSpoJnBWIAGyMuVhTY78=
docs/object/calmbeforethestorm.jpg,3gkqecDxT3NRRcwXetOMak+/zf8=
docs/object/calmbeforethestorm.webp,w442J1zIkpsq+SLf3QRRVPmJLv4=
docs/object/candytanks.avif,dRlfr1CSkQlpIG4AMwm+Ye8vC9c=
docs/object/candytanks.jpg,pPGGzsKbG7pRsckaPnCMjo0scg8=
docs/object/candytanks.webp,pm4f/VFAa1xxWNxbxae5czMHOaY=
docs/object/casermadruso.avif,Amm69AAo8eDaPHb09Y/XR8DObAk=
docs/object/casermadruso.jpg,U/Z2yXsts6ngVt2CS2NIQxd1GSU=
docs/object/casermadruso.webp,Id/0HU4ZH3jUs7C8WJ8m8xDNQ9Q=
docs/object/caughtup.avif,joj6bSEDEQzRgG6jYlsESzALv8M=
docs/object/caughtup.jpg,ihXxlEQGy4CikALBMzVpZGblCeE=
docs/object/caughtup.webp,9/gQKnz2CkYW1t0OH18ljCl8FDE=
docs/object/cerberia.avif,Isz79dmdEJd3o44qK7xkjUte1kQ=
docs/object/cerberia.jpg,hXVBNK02HFK/0hIuItJ2Uxz+zxo=
docs/object/cerberia.webp,neoXBIxOHlEuZPhXQ61SwlJgdGs=
docs/object/cosmos.avif,bFzbAVPYlTCPxIjyZy1lAISupgM=
docs/object/cosmos.jpg,npunr/1N210vIMDCo85yEUq9Vk8=
docs/object/cosmos.webp,6frpYOlJzAv5sjGF8t8tLtxO8wg=
docs/object/dachsbau.avif,nFztlREGHARvJvVuLCuQoqMDc9A=
docs/object/dachsbau.jpg,4bY0vyOScyDeJv0RfgaXqokyIlI=
docs/object/dachsbau.webp,e7yHZzAGXz8ZWObDh8I/Y0EDxmg=
docs/object/dancerinthemirror.avif,5b+L18I2FiBEaXn+S6mPjm+y6gg=
docs/object/dancerinthemirror.jpg,yZAIeIPI72bCYK9YunbTGvHVxPk=
docs/object/dancerinthemirror.webp,djdR67+S5dcT8ft98RcCwWmiN08=
docs/object/darkbane.avif,ILBI1Pa9g/1ZeoaowAMQmyvpvCQ=
docs/object/darkbane.jpg,FBk9F4SFc8KsKi/fwMozCQ6agIg=
docs/object/darkbane.webp,wOBkVETlIknBtIkxeEKI49p38n8=
docs/object/deathandrebirth.avif,xN648bi3GrqlRaAUzmg+f+nwYyM=
docs/object/deathandrebirth.jpg,gjOsuJXTbErYR4q3OBQ5tuxBrjE=
docs/object/deathandrebirth.webp,NT97YUumYgK/JlQnMAKHVr2P5GE=
docs/object/digitalcloseness.avif,UuJzpp+lKExUbaTQtDmJxswgzXA=
docs/object/digitalcloseness.jpg,QEU59ELAEy6nLwEoebLzFyyhSAc=
docs/object/digitalcloseness.webp,yp5ceXKSsYFU2hwDA/kNBrpuVL8=
docs/object/digitalheartbeat.avif,yTqP4uXtuUkq56tRmmcOQu+1Y2M=
docs/object/digitalheartbeat.jpg,QPlqVB4/v0wm647mah/7Txap4h0=
docs/object/digitalheartbeat.webp,ht1zCOiLt42l9UpfRh9L+PQnBSg=
docs/object/dionys.avif,48Q8umnWMQ/SSnk32OuMJZr4m3o=
docs/object/dionys.jpg,Trb3OAtE56fFUloS/9qZkAvG3No=
docs/object/dionys.webp,LH5fbP49t9t4y8Fo53OQ3l+bgEw=
docs/object/dominance.avif,apq8HmKN1zl548bAff0e0nqzcHk=
docs/object/dominance.jpg,RnEGXENnxD4ST2nb4Y77+RSKtls=
docs/object/dominance.webp,Lnqywi3MCHF/bpVVKKcpmUQYlak=
docs/object/doppeldenk.avif,g88bW44PMHsPcb0c+cNDyaSe1B0=
docs/object/doppeldenk.jpg,Vv6ZoKqJ2LWZzbJCGISXpM960Ak=
docs/object/doppeldenk.webp,WVnUDR7Pj4BAatAlIWTLEr+O2hg=
docs/object/droid.avif,zynjqpsDarsR9M5lpPgpX2HzPYU=
docs/object/droid.jpg,dGHxdsYv/k6Ms/pZdq9vwD0jXBw=
docs/object/droid.webp,RdmknauvEto6E/ltJs1ER7g+EdE=
docs/object/drueberfahrn.avif,h/zdtlktvzdqz/a4OWcCjWzayP8=
docs/object/drueberfahrn.jpg,cowI2OvYK1I6pCk9TWifTb0x3tg=
docs/object/drueberfahrn.webp,cVIFRU2hLlGdWHljIKuqTeTKPC4=
docs/object/ecstaticcling.avif,Znow3k+XI/SV796VcXjJEMAssts=
docs/object/ecstaticcling.jpg,NwABcTwC6rE7ILc3n7YOov9mTtI=
docs/object/ecstaticcling.webp,N2PEr/ixnRexgYa4Ryhs1uQR8uQ=
docs/object/erythra.avif,0NAJLrVJZtqf3yuRCw5QXNgO6R4=
docs/object/erythra.jpg,0lxCS/VO54/qdRyI2a/Z+ZJB/tc=
docs/object/erythra.webp,TyYFtFcU/dZnJcHOSfWdSVBlRGE=
docs/object/exponentialsharks.avif,kLUIXJ2sknUaJm8D4TSvTODlq6k=
docs/object/exponentialsharks.jpg,NgmfvliJ/rD/ArvOo0AHgINus6k=
docs/object/exponentialsharks.webp,jh7stLhLHSBhaLBQyyG6jzVWWzA=
docs/object/fakemirror.avif,JOJOwZEdzCfldnhAMB0lpVYjJu0=
docs/object/fakemirror.jpg,STBYF4X13jzB+F7uu8jCzBjW7LI=
docs/object/fakemirror.webp,T5MdLmGbRhwfPfpRNVXhkQAVTZY=
docs/object/flatti.avif,zSxCpKj1O4K4Wqrt6BgWQz3cOds=
docs/object/flatti.jpg,pqL61QEd74/c23z79Zotyxhetgs=
docs/object/flatti.webp,+EVVrKtpL/Lqs228/U6aC7hBTiY=
docs/object/fluesterkonus.avif,o9BQ5Dh5GAUcWzzdxQr3IpuuFKQ=
docs/object/fluesterkonus.jpg,pZZQ2aU5juet3V6ydlT3oQXSNeE=
docs/object/fluesterkonus.webp,uMOVnaQDLWkveP8VqmqzVZHU3qg=
docs/object/fluffyundfluffy.avif,QFcx7TUXW08EebhmwSaZBURgq8Y=
docs/object/fluffyundfluffy.jpg,GQdTSKJFOudyjGYxAGsDRPsafX4=
docs/object/fluffyundfluffy.webp,qWw/Iv3fFo1emsvGqpVDHhCVjW0=
docs/object/freesugar.avif,MWoTzElfzGu0LMfXDUEWO4XE6ZE=
docs/object/freesugar.jpg,I44QmPeEqijSr3Nor086+i6Jnkc=
docs/object/freesugar.webp,TPlBixH2uPxhuUbr5K/BYvZFCEI=
docs/object/gameover.avif,50N5YmYkNJ069yBAKAJN8PjLJNs=
docs/object/gameover.jpg,tJuaZwUQfO99ckVyBqa/AwT/MZI=
docs/object/gameover.webp,tDxXE+5nZ0fgKbk8UI50ZbskopQ=
docs/object/gravity.avif,d19fcHaWsQMOHS6Yb6jHzb+7XMA=
docs/object/gravity.jpg,S1eF5mNlB/eQ+tMu14oqMZkwpsU=
docs/object/gravity.webp,2xkXyRbqgrhzQyPk8aXi1FpE8cw=
docs/object/gruftie.avif,H6XOCM+MmUZe9/4coN8R+eE0GbQ=
docs/object/gruftie.jpg,/UQQVkrk8dguKda1pRbOmoy2WXk=
docs/object/gruftie.webp,Xk/sALefiljz+fY97p9YKWJuo3w=
docs/object/handies.avif,Jp1FxNpErcA0nxdjZNXjk/c+ikk=
docs/object/handies.jpg,BAOlA8UH/7zB3fVvxuPqL3lsR5o=
docs/object/handies.webp,8ukkiYM0aJ0ATO9M73wxkx1l2ps=
docs/object/heartbreakhotel.avif,YSgalED4Oeft++lyGH0TRiyrq9w=
docs/object/heartbreakhotel.jpg,4bY0vyOScyDeJv0RfgaXqokyIlI=
docs/object/heartbreakhotel.webp,e7yHZzAGXz8ZWObDh8I/Y0EDxmg=
docs/object/hijackingfuture.avif,olIIZMUFlA6XRyIemyKHv9tB3LA=
docs/object/hijackingfuture.jpg,gDohiffrvABEX3tYAaXEbk+LgjU=
docs/object/hijackingfuture.webp,jzy4C6nwWfxEc7j6rdj8J9aa6Zg=
docs/object/homunculus.avif,oX+5XgBlOqNlKBGJgXoMgH+1I60=
docs/object/homunculus.jpg,fpgjkm9uLnryYxo3xZfRsGIYBis=
docs/object/homunculus.webp,3ARtOv3QkS9TttQbtOPeoRmDAtU=
docs/object/hrlitto.avif,JOJOwZEdzCfldnhAMB0lpVYjJu0=
docs/object/hrlitto.jpg,STBYF4X13jzB+F7uu8jCzBjW7LI=
docs/object/hrlitto.webp,T5MdLmGbRhwfPfpRNVXhkQAVTZY=
docs/object/htm.avif,RpvTc7QalxtFMQL3VV0Q8STzFos=
docs/object/htm.jpg,z4gijvyTpMyhzecPh6cDR+4HlDo=
docs/object/htm.webp,DTIL8vRbLn9kySBYZgKHbRZTeHk=
docs/object/hypercubexr.avif,5YlJbhIzm00NEz3r53rWeC1X1eo=
docs/object/hypercubexr.jpg,ktHulrtJe9QJyUwB1w2xWWEC8rU=
docs/object/hypercubexr.webp,SgMn9+nrM6thfIWQYvy1mZZLbOI=
docs/object/included.avif,QRmHriwxYpvILR4wPaNWq7fUp4A=
docs/object/included.jpg,mw87+j/RLBIc/3DZqsL31VcMJi8=
docs/object/included.webp,gy/faycxymDM2RDeivVONSOOZI8=
docs/object/inherentresolve.avif,mgaD4hEb8Ir51mwVUsGZ/ZxrwnI=
docs/object/inherentresolve.jpg,BJtl0vNkV+CUYfuefKzxFtdFyN8=
docs/object/inherentresolve.webp,iBmXqU0OdDsa5aFqHSrV2P9QhL0=
docs/object/insideout.avif,ihIX5HLJC+fduVDvYR+dHv/KDxc=
docs/object/insideout.jpg,cKzlzWBRrieiObmZhYKxOR8/p5w=
docs/object/insideout.webp,rXO8LCZhIMXua4SnSPJu+e6dz2A=
docs/object/integral.avif,3bBvEHkfQ+czwQwWA6GXpSIEPNE=
docs/object/integral.jpg,T/ezGMt8xKzr5uhklR0KRDqPBvk=
docs/object/integral.webp,A/ImSJXhUYYzh+fBwe4FOcLp93I=
docs/object/itbreathes.avif,AS8JocZVtqdliJqDsvikctsk80k=
docs/object/itbreathes.jpg,ymWH1ZAEcJFNOpvUK2pUUIqOvXY=
docs/object/itbreathes.webp,zUXwEXkEmWtEf4usK11CGI5kGK0=
docs/object/jauli.avif,JfxdfxCzyygEAw8C21Q9ujz7PgQ=
docs/object/jauli.jpg,RXUgUbyjIWBgu/fOA30iN1weHx0=
docs/object/jauli.webp,yKC0aagU/lz+Db16EynAF7RjdoY=
docs/object/josettejoseph.avif,Hzxf7WrV/KW50HLPA1DwPJ/ImC4=
docs/object/josettejoseph.jpg,X+IYZr3vbbeUUJs8K3Gzdqw7WoI=
docs/object/josettejoseph.webp,QESmOGY8nAGrhYL7D4TtpJV0KVg=
docs/object/karli.avif,IeqIJV+Eas4pAq0yXIXbxDKUI7U=
docs/object/karli.jpg,Iib6kRBQAUR+Ay5XtuXg7+WXfDg=
docs/object/karli.webp,qr+XfsbcvH0d1UGavDLcR7+Ft8o=
docs/object/killchill.avif,BLc92JVN7fvQs52rv3HFJwtW7fk=
docs/object/killchill.jpg,DbdVf/H9uoYiKnYdMQmSC6K22/0=
docs/object/killchill.webp,BrLtEDALL6pKKuySap6ak2zQ1xM=
docs/object/kittybaby.avif,oDirC4rZJpn1ngCtyNEXIxRFAH0=
docs/object/kittybaby.jpg,pYoELLz4H0Tl8Fd+mCBAIzvDG3g=
docs/object/kittybaby.webp,1nNfTdU9m5i9m8jn4TFJ5kFjAs8=
docs/object/kjdthgmortsfunk.avif,ywg1+Ivz3J84MxZe8SbRXopYOPI=
docs/object/kjdthgmortsfunk.jpg,nQltbqBBrzBEu5qocmlIYXpxEjg=
docs/object/kjdthgmortsfunk.webp,jJEvBfwN10CBkZwoHP7w3+H4C+U=
docs/object/klubmontage.avif,q8Y8u1VzvlPgQLGTK29nWP2k+NY=
docs/object/klubmontage.jpg,SS4aXoGrZn6/N+6IXr/y4dJmAK0=
docs/object/klubmontage.webp,9MJdFMmZbANpIQPz+WDc0hMdnAI=
docs/object/leerraumkunstbogen.avif,HDLJYKaJ3roDQnHIva7/EBuXzp4=
docs/object/leerraumkunstbogen.jpg,NmaFJGneKBjft/RwVSrvHLA6qT4=
docs/object/leerraumkunstbogen.webp,C8NUZbc5GFB3Ngzj5T25y/9j0r4=
docs/object/leerraummitte.avif,Z491dcTQJ5PcBvGqafnS/ZTpnFo=
docs/object/leerraummitte.jpg,UXYuxV3rNs25yHud6uKoiqd6B3E=
docs/object/leerraummitte.webp,Ro8r+JopkApUPNJeq/JNdnGB6sM=
docs/object/leerraumnadelfabrik1.avif,nwoSqCRzbOR0Ok4CO9twKoOltL8=
docs/object/leerraumnadelfabrik1.jpg,seqBaLVkPkOF7pdulU0q0Dvjmts=
docs/object/leerraumnadelfabrik1.webp,jZH0XleBfSd0LmKXpr/WWTmRqsc=
docs/object/leerraumnadelfabrik2.avif,0U9nOLcQu/FMkG7+9XBXFhDs48s=
docs/object/leerraumnadelfabrik2.jpg,w2AaXDCyCG1VOX257HSJSJN4r8w=
docs/object/leerraumnadelfabrik2.webp,OakBDYi8/9tgEd7A0FfXz6tcS5Q=
docs/object/leerraumsued.avif,o9O+Vi9IsGgo0JzRd1cgDomo9ms=
docs/object/leerraumsued.jpg,Zcv55H4B7tDmtVQT8ablVtGtZTQ=
docs/object/leerraumsued.webp,L7LrWR9YL6PuVh3GwMXf9XhhqFo=
docs/object/liquidlitto.avif,c+e2JxlOaCDYykeQUuyyIM9BY8o=
docs/object/liquidlitto.jpg,6MIo033jjPfGieFIWmDxXA2v39Y=
docs/object/liquidlitto.webp,7JsjSI919jeeahOvAuC3xciygGI=
docs/object/loess.avif,2jmj7l5rSw0yVb/vlWAYkK/YBwk=
docs/object/loess.jpg,YafGtZPpwMJ2FnbeYlt1JIkT9bk=
docs/object/loess.webp,nWtL0fnY98uD2dLucCHQGX86bvM=
docs/object/lookingthroughandbeyond.avif,aBObroPu5T6kklUBFkjeQbUq7XM=
docs/object/lookingthroughandbeyond.jpg,0MMiML64RREV0+wbq5l8LwVUNcg=
docs/object/lookingthroughandbeyond.webp,0DCvu0O5kif/RE3sgLoZXfQEy58=
docs/object/luftbad.avif,zqTM8+covUdLyPZwIsCxKGV2w3Q=
docs/object/luftbad.jpg,ELM0OcIWXoNxH1LVEnlACMXU6cw=
docs/object/luftbad.webp,N9jfdGiQq0niJF04QTbyDUpQO8w=
docs/object/manni.avif,Ai4lRnpzVpn9UK1wBNpXx/0BOOg=
docs/object/manni.jpg,9aq+BskmI89TSlwofXcGYKjf+Ls=
docs/object/manni.webp,N34A5K8WJK9I/Bss4EXJ5mgjqYE=
docs/object/maxmustermann.avif,rZZkE2so/44wsSN+mnJslzig3zE=
docs/object/maxmustermann.jpg,RHLjaIVj2hsS4T0gUVMK9ELAIg0=
docs/object/maxmustermann.webp,ZTKDYqgOF79J+v3qgNppbQSfteA=
docs/object/maybeitcouldbeanangel.avif,ja9bQVVw12o6X8Qu0Oi6tYhiMBA=
docs/object/maybeitcouldbeanangel.jpg,PPPTtHlNsysTkT0URtxWNDmSWF8=
docs/object/maybeitcouldbeanangel.webp,qRq2yJXEWlQ8VXnPN5Z0tc5ONzA=
docs/object/memorylane.avif,0mK7wRuTxXDBnCbLMYCkX752yWo=
docs/object/memorylane.jpg,qPdvO89pGYP5aSDC4GmImOwDbFc=
docs/object/memorylane.webp,EVoOo1Db9yuF8MpZg+g8fQi60pU=
docs/object/memorylanefighterii.avif,fmZvDwjWZC1kFq/c4+szy2mW4z0=
docs/object/memorylanefighterii.jpg,4558T1bvGCxNxtjkFZxxheQqE4Y=
docs/object/memorylanefighterii.webp,zqQp0mkfLXBz/vsW21cDyilZ4RU=
docs/object/metavermin.avif,5rxlxE/itmTTkulSCt/9Yt7pa/0=
docs/object/metavermin.jpg,jvblNURcxFhRfpTafZVpk29//ww=
docs/object/metavermin.webp,WsRH3R6Zzr6RfQZ06wAkiXxhfl0=
docs/object/metzgereimops.avif,A17IDaKdFgrb+ATPGpujHCiAb/U=
docs/object/metzgereimops.jpg,BSs6Ma1LSWBHqkVmV1rp14vNf0A=
docs/object/metzgereimops.webp,IqLWhB1qsHkoQAuMDmEJy61TSCk=
docs/object/mirroredfuture.avif,JDlncU9P+qVKts8DD0Nsltp+d4M=
docs/object/mirroredfuture.jpg,Kdu8fvWaIfaxKHQsLTKKt7YzE38=
docs/object/mirroredfuture.webp,w+VmG4g1tCQDKBOxBMHjfQk5G/8=
docs/object/modul.avif,+OKIalE5M/TR5MNLSAThF0PbaG0=
docs/object/modul.jpg,dhYE+qc8YR2Y/uO/7wuHpNupAJ0=
docs/object/modul.webp,c28JI7uKVhrPcxk+LvNoa7LFsIg=
docs/object/morphour.avif,hbGESN/4n4C66xLOGiuMD3S5bzA=
docs/object/morphour.jpg,U5NZJWtu4+l26vWsuq4x6kZW6I4=
docs/object/morphour.webp,8GoYIJphz6yBphw//ChGAgOwPVc=
docs/object/mujina.avif,/AQfhFqDheOtAOrq7uKGEOqofg8=
docs/object/mujina.jpg,jU9VM9rA1Bvwc3Qi1RWepHIjjtY=
docs/object/mujina.webp,/N/b72GhX4Y4tHannfxgEW0FbF4=
docs/object/nachrichtenausdemterrarium.avif,IZg3sAC08oqZ32ItQseIPNUpt+w=
docs/object/nachrichtenausdemterrarium.jpg,Jr5krDdWmuPkoSTdQeoh+m/cWLM=
docs/object/nachrichtenausdemterrarium.webp,3I+H7SgsVm+MrF/3FT9oarjV/rg=
docs/object/nadiasvision.avif,oEH1PjilhA/fWTLflFi/qVaS9Gw=
docs/object/nadiasvision.jpg,rMmGQY1hkyfopoVZ8Rm3y2r3qUw=
docs/object/nadiasvision.webp,a3LxzCeUPajaEE0Lq+sBPvOaRzU=
docs/object/narrenturm.avif,LQFUf+88Daayf/xIfUpACmUuAaY=
docs/object/narrenturm.jpg,gwNGzt8qLrYEsI3oS5PcRc/ZJ2w=
docs/object/narrenturm.webp,zfApmYVYmmoNuNG7/V/1tuiW+iY=
docs/object/notgalerie.avif,1hefszROIK9RvbQm85P7cwiw0s4=
docs/object/notgalerie.jpg,GvHj46NNMpIg/74JyxwQx1HvHw0=
docs/object/notgalerie.webp,1rjy+385O6/CSyh4JhX6wEGuPZY=
docs/object/nowheretohide.avif,IVrJzjqGK03BXo8htZ9DB6meX0Y=
docs/object/nowheretohide.jpg,y9SESSSrmZF4JO7rQYGI1BDYRzs=
docs/object/nowheretohide.webp,7TXdb1fkzF361JpgZs55+CHRnDQ=
docs/object/ohnetitel.avif,CfAguaEGrfthEJXScwKJ5xUzAIY=
docs/object/ohnetitel.jpg,BtXNSSM4jHYboXn3hsRV8V7Gb8s=
docs/object/ohnetitel.webp,6l9v1VdyT+LGbnfy7RnoXYhacR4=
docs/object/orbitalline1.avif,F4nIRkG8/s/c77O3EZ0vUtN6Hvw=
docs/object/orbitalline1.jpg,jgLiTA91HoTnmz2sjLpJXqRzNj4=
docs/object/orbitalline1.webp,M+hrw7Xo7bUVZpU6IQh5IPCO0qI=
docs/object/pascal.avif,Y+hDtjuJx/x7yGOHJ0XAHaRSoI0=
docs/object/pascal.jpg,iKmg0112Ry789P70Iw0K3vb8Bpk=
docs/object/pascal.webp,cev58WfYMG8riyj+aS8EkevEXeE=
docs/object/perception.avif,owy1yFBjFOUmfo8FLGNPRAB84pc=
docs/object/perception.jpg,yfcM8ewa/cq1NqDaAxtVDd3k7Gw=
docs/object/perception.webp,lZApeq+/nrmfaCdQ9e9FsUz4VHU=
docs/object/pitchcontrola.avif,w6hIdy+7Kmjw9nDCkggRV3VouuA=
docs/object/pitchcontrola.jpg,9NDft5KzzbOLFvonAk6CLnH3rRs=
docs/object/pitchcontrola.webp,YCCimuQH4M/Wty5lonIyruhrqDg=
docs/object/plentyvoid.avif,/ctx2vdQAv8NeN6CSK0fVTIlNhg=
docs/object/plentyvoid.jpg,Tqsd+VzC7YyIwkt/phW5697DzPI=
docs/object/plentyvoid.webp,t69fh2dZ2BnS1VIWW6O7yGcVBhg=
docs/object/ponyrunningbackwardsoutofbounds.avif,JdDX6QE2/CPUW+wku9SSGnrE9iY=
docs/object/ponyrunningbackwardsoutofbounds.jpg,+prc2IfabcRa3CX/rIQHtZjJUSg=
docs/object/ponyrunningbackwardsoutofbounds.webp,SCh5xhhEbmO74ZCXzTM4LcpZksg=
docs/object/portrayalofdanae.avif,F3Ljp/sLU75eFh9/pCXR0SwrPH0=
docs/object/portrayalofdanae.jpg,DN1omyUqHQMscwqaKBPs0IwXAss=
docs/object/portrayalofdanae.webp,D0gfC+RC2Hd/+IB3NM7w1D1JU6U=
docs/object/preserved.avif,GtlNAq8rIcfw/GUDNokIh10W3vs=
docs/object/preserved.jpg,vFAX3eDzrWmMCIYyXozfKyBwpbw=
docs/object/preserved.webp,ZbfLf6XwlnUIi/qYDW7Ox0j7AaU=
docs/object/reflectionobsessionartificeandself.avif,xo5jC+jqDaCn/FVQjARcS1YntLU=
docs/object/reflectionobsessionartificeandself.jpg,yxpprhmSIymxKhPgcF9cx/WFyEE=
docs/object/reflectionobsessionartificeandself.webp,/enyjZd+1gyZY2BM+XUoi29sYrc=
docs/object/replay.avif,5kgpBY7LI8xI9s5VnxQ2G7SUjvg=
docs/object/replay.jpg,lphOiiIHGbstEBnGMc6Y5LdEzAM=
docs/object/replay.webp,LfeCXjzetjuqzwxMQY6UhCZFpLc=
docs/object/restrictedarea.avif,9JC2qQr5A0FblWqEu/o1Q6/PXkA=
docs/object/restrictedarea.jpg,W3ihcN6IfogesAZxbz1n9Wzwd00=
docs/object/restrictedarea.webp,OjQ0JforCBLZ9j4JZfShtM5vuMk=
docs/object/reuse.avif,oqI6UqqOF3vMyTcMrTPiOhUeJzs=
docs/object/reuse.jpg,aT4IvA/8lIZ74yVzMWjOkRqSCoE=
docs/object/reuse.webp,k/aKAe2e6VXgslyMW3/pdFEZDrc=
docs/object/robertsarrival.avif,5ygHFZYRb9kxc6SukFMo1YMk/x8=
docs/object/robertsarrival.jpg,ITNOPwsg7SQRNL+xfmgPVZoJmaA=
docs/object/robertsarrival.webp,ehMk9rEz6Zm6tmfBhtBPyc2twyY=
docs/object/roomtour.avif,tb1z84gBNnlNEWJT/IVJKMDErcI=
docs/object/roomtour.jpg,SQuA0L0H0NE7e9iDk5TOy0ft0wU=
docs/object/roomtour.webp,XOn5kMmTRZG4rjBLFwDschDJKT4=
docs/object/sabbawegbergenbelsen.avif,T+YtQLJHw38SDxFSnRfWQSLuBp8=
docs/object/sabbawegbergenbelsen.jpg,HoIdJneGbapWgTiXgBH0WBeOpEE=
docs/object/sabbawegbergenbelsen.webp,rZ42nsdQYirdI3FhxavXbQ+gxCo=
docs/object/serenity.avif,Dne4JTbFzhxYNJysaoo2urwMiAc=
docs/object/serenity.jpg,o9m2JGk06bTKmMYtTItwiLd/luQ=
docs/object/serenity.webp,wLCy+5xITIXDv3T7oo/50WHUFAQ=
docs/object/setzkasten.avif,I+q62WfdWjbLZXqJs3xNICeUPW4=
docs/object/setzkasten.jpg,Zk4gdEuQyseQr9BJrGkaxTqYTLc=
docs/object/setzkasten.webp,SbUsTxeck3+2TWzQWSCwwee4nwo=
docs/object/sickcloud.avif,fmm4k9pTXGNb+85uVAz/aFpQLN8=
docs/object/sickcloud.jpg,ogUoxVJJPCGzJUZhsaGdOjX1CHE=
docs/object/sickcloud.webp,u1bjzDsQDQV5SIwkjVCGW9yQFGo=
docs/object/spot.avif,kTxUDjIN6JL/7hy7qhx3oXh8KCk=
docs/object/spot.jpg,9yOXuC9gtw+aPq97AHHJ+hO/T1o=
docs/object/spot.webp,bFAqepWX7N6uNUkc4q40l3Z24Ls=
docs/object/stadtlandfluss.avif,xFSS7bBfiqRtAglC7S7hGVMS+rk=
docs/object/stadtlandfluss.jpg,fWaNrEJZLj9wMgjJGgSz4k0FceA=
docs/object/stadtlandfluss.webp,XgQzuisqzOl2BQAgNzfadVakpIU=
docs/object/stilllife.avif,RW7doN1GJY368FLaTJyNfvwWyCc=
docs/object/stilllife.jpg,R6L974LPfhq1axxBVFpftSVlb5A=
docs/object/stilllife.webp,+PWxg5chEc82d44Z8DBU+6VftfU=
docs/object/strokes.avif,EQpW8BJZ0hFyHz/Q5QofXdLaSjA=
docs/object/strokes.jpg,8lgIF9ZmNUnDYTmgW04Dc9OVZr4=
docs/object/strokes.webp,kpedZdRAjMusxigfvygioc751IQ=
docs/object/structure.avif,uV+AGB/jRs1like8R4Vi401J4h4=
docs/object/structure.jpg,hK1rbhmva5/ONaog02JrKMyvgpk=
docs/object/structure.webp,SMSyA8RAQSD3sWHDJjD1957HaIg=
docs/object/synergyofthestitches.avif,01s0YTf8oQYs+TzbmKybmnnP5uw=
docs/object/synergyofthestitches.jpg,f8CM3m05h5ekJUEq/YhVB/rFcAA=
docs/object/synergyofthestitches.webp,CrvQgOJeW4zJNi3rXwibR1q2XjE=
docs/object/system.avif,1PD8PAt5gEBkhNKE1PwisI7pJzk=
docs/object/system.jpg,KPlYUEJwaQ/DRmpd6gOHwbIVTEA=
docs/object/system.png,tXqXdZ8jOmkgj7+a81tzUbgxWQI=
docs/object/system.webp,Kv6cyqQ75m5aqLWCzvGP7adgqTo=
docs/object/systemeundmenschen.avif,wM4QdOsFqTemvUv+9MROeoVm/+U=
docs/object/systemeundmenschen.jpg,2rZrpoI9+bejrGqj7XERNZZ41KI=
docs/object/systemeundmenschen.webp,9baf5MMzZUybKQoZabzamVbM8ms=
docs/object/systemstructuredefragmentation.avif,OehITxgRsasB6PCtUO43fZe/QjE=
docs/object/systemstructuredefragmentation.jpg,qLsYKr2AwUMMpKJGGYps8woIxrY=
docs/object/systemstructuredefragmentation.webp,AdzdG1QXKA3rkN43f8mZI7t0ZZE=
docs/object/teratoma.avif,D0unGq3rc7RgmvTfcN1ZF+VbvZM=
docs/object/teratoma.jpg,ZBXtcfQ1ZgPzuoXYEdDWXCi2L/U=
docs/object/teratoma.webp,sno+dStgdsHPzPtbYY6lnL0E59Q=
docs/object/thanksforallthefish.avif,8vCK6ocaur+S3wfZ5+MpbU7Mawc=
docs/object/thanksforallthefish.jpg,pw15eoXtsLQiEEkKljxnHcLTato=
docs/object/thanksforallthefish.webp,Vk47zsTxNikg+V7qlSgq28P5ypE=
docs/object/thefight.avif,WrMPkt1JbKDaUoqyo4SwK9S32v8=
docs/object/thefight.jpg,nx7WZE/7KuczP9u4Z8z36PZ4it0=
docs/object/thefight.webp,J4kAqHJRnBxn9vPp7Yy4HQyCRb8=
docs/object/thegalorias.avif,hCIeP5CIpG/mh5blndXDDrJYOuA=
docs/object/thegalorias.jpg,N7Y0xxTdz4GgDSDHZpi8hMXePhg=
docs/object/thegalorias.webp,xxT+hZfX394wNqhrBXUZtGqdUoE=
docs/object/thegarden.avif,SLKX24jLli5LR3Fyd5ypd3ZRSqU=
docs/object/thegarden.jpg,PQHpoBIFWCZOSZr2tSNIfemuwv0=
docs/object/thegarden.webp,7lKHtT4lXZB/WbTCwI/ymjbpWD4=
docs/object/theothercatseyemarble.avif,cG6B+Ug8OIsisanL0c2ZqX3VOu0=
docs/object/theothercatseyemarble.jpg,dc/ARavDE0gZ76uOnaHELs3mQzA=
docs/object/theothercatseyemarble.webp,UFmCXOiItwRmCtJWkvzniq3twQ0=
docs/object/theothercatseyemarble2.avif,LYBcGexFibA/pxc4sCZ9ZOUyrVw=
docs/object/theothercatseyemarble2.jpg,G8Wxu9Axc0XMluJQcYuEa/PWCOY=
docs/object/theothercatseyemarble2.webp,eLDeZpy5vQBvnLUkewxX9x2Ba3g=
docs/object/thesystemgarden.avif,WG72kCjOpfpVfBusRLBoJ5kYEQo=
docs/object/thesystemgarden.jpg,W1/fN6u7RzraCFBeRyqrlm1CV00=
docs/object/thesystemgarden.webp,tzTIQ/cVr9qAS/jyNmx2fYKhKxk=
docs/object/thetowerofearthlydelights.avif,e78QWKufU3WQa9Wu2jcytEChqx0=
docs/object/thetowerofearthlydelights.jpg,Te7Xw9OJh9dIU9xgMhTJTX/vtnY=
docs/object/thetowerofearthlydelights.webp,N/4fH3NjvrAzlsxebPqYhfPsxXE=
docs/object/thewound.avif,Uebe5/Qb3diVA8FcVWhvcNep5Ns=
docs/object/thewound.jpg,Y4svC/ZHnI6cd5cOxEgXojI1kKI=
docs/object/thewound.webp,Pw/aCztb0Mc8efqQL+bd5EYYwrQ=
docs/object/throwingtheflames.avif,wqQ0PnwSw41tZmGNC9Z9kOJrkUg=
docs/object/throwingtheflames.jpg,sN8vZ1nGYLJyDuY39vD0WLsDt08=
docs/object/throwingtheflames.webp,/61hR0F017hjNspnyeH37OmD5fk=
docs/object/tonguesofrecreation.avif,qZp6G3PuLeHf+PfZo/L/Gaxl9Uc=
docs/object/tonguesofrecreation.jpg,fuRCzaU3WHecrmn9j59mGPybKf4=
docs/object/tonguesofrecreation.webp,F0wWKZM+HC5i9YiX/mQAi+oc0Zw=
docs/object/transmasc16.avif,mqR8DC55+hVguK59ff1tMxvGhyc=
docs/object/transmasc16.jpg,r4mw53BgIWxDDNrndxbYp8VQb0s=
docs/object/transmasc16.webp,wEyhn9ffSdFn+oVMPLHaonTYsoM=
docs/object/transmutation.avif,qWwVlXszYRzMcR72grj5enumBaQ=
docs/object/transmutation.jpg,mfpmi7scEbippN5ovqPx6wDIb50=
docs/object/transmutation.webp,xle1yXluK6BrUyKifnpSHFg24E0=
docs/object/trophyoftheravenoushunter.avif,KqKSbyEx9TnDHKcmWYakh7lBQ9w=
docs/object/trophyoftheravenoushunter.jpg,SdTxQbVzrAbmrHQAaVCMm61z4Lo=
docs/object/trophyoftheravenoushunter.webp,BF8oVUs6rfLQVWwtbdG+TsfcXsY=
docs/object/type_i.avif,aYnbGaVykKn+bH7ygTD2GziASRE=
docs/object/type_i.jpg,ITxR8h6QRovzDLcadsAELrPIvOg=
docs/object/type_i.webp,VM+H8XrSsDHcu3oqRcbIerstZQ4=
docs/object/type_ii.avif,IEiuLJ5HK2duy1Rtk6CZay/KwrA=
docs/object/type_ii.jpg,iKEusDn8I7O19nuDsiRBWz4i8YY=
docs/object/type_ii.webp,JsaxQo1K13/Qa8P63CSQyvOGAvU=
docs/object/type_iii.avif,9DQrvIXMSiLOMTmPwiUptrT3SXM=
docs/object/type_iii.jpg,qGE/tHYPIdFk1X1c8WSaFwZlIPA=
docs/object/type_iii.webp,nF5PBuBQQ/lW+2qpJIISCihq6rE=
docs/object/type_v.avif,UNM9O9S5iMK7BXJPahjtswWU3YE=
docs/object/type_v.jpg,t3/cJuPSQNf0yPHBKC8UxHwdbS4=
docs/object/type_v.webp,r8on4F7yFT7gH9tNNu9+Ncjswo0=
docs/object/urdonau1.avif,Ik/sUYPHgpsvWZGDNyzVNHJoGnw=
docs/object/urdonau1.jpg,z1oZjqm/NZrYLQ19uSe5aExe7Jo=
docs/object/urdonau1.webp,3tdhIMW8Btr+lSiJcC3hFJ00Oj8=
docs/object/urdonau2.avif,y+0anCVeSxGnFfmps+Bz+hYg+WQ=
docs/object/urdonau2.jpg,rM06QA3TIi+sWPxWtPlw3ibNGoI=
docs/object/urdonau2.webp,JuFMg1oXBz4ELj3IORSp6AeI5DA=
docs/object/voegel.avif,RQghn0gzdpkqDRbzgDzI4is+cbo=
docs/object/voegel.jpg,elgnJSUWOBBjQl9qIbzPvuBtZEg=
docs/object/voegel.webp,q6bpt1aFcQrcP4+GNl4PpFTkeCo=
docs/object/wald_iii.avif,78kou6JRs3B131P0q0He9z25oHc=
docs/object/wald_iii.jpg,S3FFzN/u9BMzgGouZfMIIXK3TZ4=
docs/object/wald_iii.webp,0fbkRFjUPDBLorPLRA3cBadXAr8=
docs/object/wefaroom.avif,Xs5D+/cbkOTk0gGcdkey8bxAM3M=
docs/object/wefaroom.jpg,+4cjtLcgxFPMyt2ATZA+m7RsUEk=
docs/object/wefaroom.webp,onQW8sPrfa5rrYf+K1FBJMo+2+k=
docs/object/whenthecoldstonebreaksopenwecomeout.avif,zPRZewpi+iCSmjbEqQ8FwHdEVgw=
docs/object/whenthecoldstonebreaksopenwecomeout.jpg,d/ARaxf/ob93HImLextQLPMnluw=
docs/object/whenthecoldstonebreaksopenwecomeout.webp,gPcDdjoxVv/DJDRonNs2SD0Sn6s=
docs/object/wherebloodrunsgreen.avif,pQN53HbwwYVKXtedmGOJgPdj33M=
docs/object/wherebloodrunsgreen.jpg,2ijexBMoK1f5wlH1GDkpxGJh+TI=
docs/object/wherebloodrunsgreen.webp,2iGry4fXv9XBvKMZyngIIDyPAvI=
docs/object/wiese_i.avif,P1So6KGBjh8jOA8gIi07bc4rwIM=
docs/object/wiese_i.jpg,zdF3W6a4UcOVaM23dEezSGLPW8E=
docs/object/wiese_i.webp,X0bBxJzslAAyeKoiDiiPxlPxjXY=
docs/object/wiese_v.avif,YJXYsw1LVkbkG8w43Xu5I+9DGrQ=
docs/object/wiese_v.jpg,KcNC8hioin4c5+plbJtlw0SyQRo=
docs/object/wiese_v.webp,8VZjbtQgPxM9AiW1jTvexGo2qUU=
docs/object/wildthings.avif,N8TahkrmMsR04EHxfPixX/rAzaY=
docs/object/wildthings.jpg,vHj57PCkNaayWKme8xIkRnLjfZk=
docs/object/wildthings.webp,IgG8+rFq3jPPmBX+/yzTno1RxjE=
docs/object/wiredtimes.avif,HUNuLiS0iqRmIzamq5/UJs4VpKY=
docs/object/wiredtimes.jpg,QRA+i4/SLSM1emFDtWmnLtP0wuk=
docs/object/wiredtimes.webp,25rRlDSjkAEC2OhnaFeJzufczOY=
docs/object/work.avif,HBI2XByKYc6fDENlKo4wbC+Q2pg=
docs/object/work.jpg,ctcI0LRPmhLQgMtaxDmUiUU8Iy0=
docs/object/work.webp,j71vbO6nti1ZxfKB4kGyJoFw8Dc=
docs/object/xarshyperobject.avif,kR//dwRO2/KRIRMHvLvylY1AZdM=
docs/object/xarshyperobject.jpg,pUWkUk3F3/26zBFSd0lCiC1eCDY=
docs/object/xarshyperobject.webp,kEzns3K8y9jPv/SMmygvbr84Qcw=
docs/object/yourfutureissetinstone.avif,fWwWNNoxY6FpxfAsvjdWYLDF31Y=
docs/object/yourfutureissetinstone.jpg,64nB3k0DT+4U54EKJRC0105nubw=
docs/object/yourfutureissetinstone.webp,bazyJYTXoCZYSmkk2JV270aceJ0=
docs/object/yuki.avif,eE0I9xo00RcR3IowXMNTYJmTUFA=
docs/object/yuki.jpg,UUgrtPmNgvDnqinoTEdknD6LqQU=
docs/object/yuki.webp,7UTyaG06cdyYJMBl+5dJw7nF7Gs=
docs/object/zenit.avif,SvMvI2m7Yl+xKB77O7YI5RH7Qy0=
docs/object/zenit.jpg,JSU9GCov/hDvYMiS07iCGIN9Xy0=
docs/object/zenit.webp,XKi0duhGTZmCFf8hGTl5omaATNk=
docs/object/zukunftsministerium.avif,a45IhvaG8Y4pRD/QVN7WgYGodCA=
docs/object/zukunftsministerium.jpg,CkgdwY8IuksLzR+i417JknTovlU=
docs/object/zukunftsministerium.webp,SY+/8H0W0Tj+f2ncG0eCJAxH3SA=
docs/pages/about/alwaysopen.avif,h1zBmyoJ/LdqocsHpuCmCjXJsek=
docs/pages/about/alwaysopen.jpg,RomzLmHCg4xWX3Gwx//LPod6/3c=
docs/pages/about/alwaysopen.webp,dF35xe8TAZkocMvt/7hiDaFcN8g=
docs/pages/about/artificial_museum_hgmneudenken_2022_poster.avif,w41IuBpMJrW4cKZ723SrcfWhuBE=
docs/pages/about/artificial_museum_hgmneudenken_2022_poster.jpg,c2wKTiXBkjw3thshs1GyV6zjIzw=
docs/pages/about/artificial_museum_hgmneudenken_2022_poster.webp,El7frFWUKRuY48Kk2jK1H71WOTY=
docs/pages/about/artificial_museum_manifest_2021_poster.avif,zY3dz4pymzqoauWmFaGbBbo84XY=
docs/pages/about/artificial_museum_manifest_2021_poster.jpg,n8e9Q8B2xiQn8JNErDNRNpCw9KI=
docs/pages/about/artificial_museum_manifest_2021_poster.webp,CL30Ar4DTziDW1umyWrfU7z9G4g=
docs/pages/about/artificial_museum_toronto_vienna_nov_2021_poster.avif,7jRRQwoou7YjY9XyvBnVEa/6a50=
docs/pages/about/artificial_museum_toronto_vienna_nov_2021_poster.jpg,/1wOi+sQObQEfkeKzqS1bt3arj8=
docs/pages/about/artificial_museum_toronto_vienna_nov_2021_poster.webp,1s3dgT35bbpx1nG53iqI7u8wyJk=
docs/pages/about/cities/chemnitz.png,NlUA14tAMEqfWPHiSAvblMgBAOs=
docs/pages/about/cities/chemnitz.webp,aLyEmOv9y6NXuElFVBf4f0mfwWU=
docs/pages/about/cities/empty.png,2jGMyZH/g02aR4I9/aqIaasZjQ8=
docs/pages/about/cities/empty.webp,xGXdYEEVF9+/bxlvj+xN+nTNvYE=
docs/pages/about/cities/vienna.png,bEzvYwMnbC5yQjGYSzI9JY9NEKU=
docs/pages/about/cities/vienna.webp,vHfePhRyi6tTIpy2QTooqfJQGuo=
docs/pages/about/cityslide.avif,UzraEsOEl/jPHbppqPlJXcmCLFY=
docs/pages/about/cityslide.png,QBWix7cH3LRnxa2v1zBcBSWoyrc=
docs/pages/about/cityslide.webp,6ZZ3mQF3iK/fqnNqJze8csG2UfI=
docs/pages/about/expo_dialogfelder.avif,Fywhaa+h0YNen9ipFvHPvDR/SOc=
docs/pages/about/expo_dialogfelder.jpg,w4/p1ygncYM6Iaxorj3UnuNvheI=
docs/pages/about/expo_dialogfelder.webp,T35BAoFdAwgzF4JON0NfcbWYqZQ=
docs/pages/about/expo_opposition_stubentor.avif,/jsaWpGSR+/ehqU/YSqdt1M3Wb8=
docs/pages/about/expo_opposition_stubentor.jpg,5MMgwEri3TS6JFSDAmUkm37Syww=
docs/pages/about/expo_opposition_stubentor.webp,AqxneBpIu7w8YVlDAxvzbTXhXbg=
docs/pages/about/expo_opposition_volksgarten.avif,AmTjQi/0tlwOtlYTp+i4at/RAH4=
docs/pages/about/expo_opposition_volksgarten.jpg,rUYmm0AenRtUIQVSLkpNQWKwOCA=
docs/pages/about/expo_opposition_volksgarten.webp,Z5bmLX1t0YnJ3RLf1hIjAs4GrSA=
docs/pages/about/header_opposition.avif,ntn41TuNsg9IPIMVPiz+Tu1zZ5E=
docs/pages/about/header_opposition.jpg,BCI/jEXIa7+xsTDZDhJ/cYE9oA0=
docs/pages/about/header_opposition.webp,Z9Ey+iFfhQ9RMX4NSSjfHVTNh1M=
docs/pages/about/location_pin.avif,DDRYhR+TvyIqzk/fxxbnUBe2exc=
docs/pages/about/location_pin.svg,/NIxx8T0DvglrMYKjuti/JS1JR8=
docs/pages/about/map.avif,3JlWxQ4KniqjkT53BQj/Lqfg9Kw=
docs/pages/about/map.jpg,gFPIfR4CY0e2iS32Kr7jeu9YKXE=
docs/pages/about/map.webp,idm1nK7W+bvQEo1uRv9omiTG+zI=
docs/pages/about/mission_challenge.avif,AqhZvlgXsk4SoQy/s9Wr7Wo3B3o=
docs/pages/about/mission_challenge.jpg,iRPjaAbPIDdSYq2uDqfqYuV2J3I=
docs/pages/about/mission_challenge.webp,o7KZsJvX3UowvgefKbHctzy8Ihc=
docs/pages/about/mission_solution.avif,2vx9uSDP0UufSUrgvuWd9Huj474=
docs/pages/about/mission_solution.jpg,FU5LXcTOI4CqggJPNBbitFGe4fA=
docs/pages/about/mission_solution.webp,uDr8dOYmLOBIKVDJ1XvFxk4qJxU=
docs/pages/about/sternderl.avif,8+asnX5U9z6DtylMnppYKgJqopM=
docs/pages/about/sternderl.png,IefcDvUoGp8YHEBxPnKh2uZiA+s=
docs/pages/about/sternderl.webp,0BiSu1XyPngbOgYnnU7TC9mTXNQ=
docs/pages/about/teaser_video_preview.avif,38lt0QRw/HWIFgnsM7IyQRaPCYE=
docs/pages/about/teaser_video_preview.jpg,m9Z/ccy1NS0KJnAIpeN7f2gwjMs=
docs/pages/about/teaser_video_preview.webp,lEmcj5hT5NEtRFmUcl21rev24VU=
docs/pages/help/android_setup_01_arcore.jpg,vNkIIkmxUk5EdM972XbSZJTdPSw=
docs/pages/help/android_setup_01_arcore.webp,ToBANtp3znc2JMPsglLbr9ZgJ/I=
docs/pages/help/android_setup_02_store_popup.jpg,5t/aRlVGJLJo5Kw0AkRP7r3tDb8=
docs/pages/help/android_setup_02_store_popup.webp,rhluGAGWBAf1UgWI59F6gnm3KJ4=
docs/pages/help/android_setup_03_play_store.jpg,wtRoRERuZDG0c0G9pY1jRaoDzoc=
docs/pages/help/android_setup_03_play_store.webp,uSJEmGDRvnMPZVflUDkGqIOH8HA=
docs/pages/help/ios_setup_01_popup.jpg,yr362Tk1KkW7ax0wi6zk62zmA6g=
docs/pages/help/ios_setup_01_popup.webp,58c4dWAqOW2dggPVIsyl3ezUTcY=
docs/pages/help/ios_setup_02_store.jpg,GnUC4iP+pyy2Oa54tWZagQublmg=
docs/pages/help/ios_setup_02_store.webp,51Zl+YtdLlk72Wxyn2+XzzNd/mg=
docs/pages/help/ios_setup_03_browser.jpg,aTB+1inc2slFiMjzai28TdmGF4w=
docs/pages/help/ios_setup_03_browser.webp,rmXyCbvU3d9v6Yn+Bk7Bo1kI3PM=
docs/pages/help/setup_done_page_loaded.jpg,wY+gnQexBbOAOELiVsQrc5OS5/0=
docs/pages/help/setup_done_page_loaded.webp,iSqol7Czqt/xWd11zKmUs8HYWXA=
docs/pages/help/usage_01_map_list.jpg,lOCqTPAL58DCV7leZzx/9ewq590=
docs/pages/help/usage_01_map_list.webp,c351KYDTJn9RjqeshGKoVncTz34=
docs/pages/help/usage_02_artifact_popup.jpg,VBrlJYBdS2yJo+Cm+ZL6YVuFv0I=
docs/pages/help/usage_02_artifact_popup.webp,rcud1VP2B2i/1JJ1A5TBc2+9tIY=
docs/pages/help/usage_03_artifact_loading.jpg,FUsuZ0Wpd/pw7qI2Wmr+4rzcuJc=
docs/pages/help/usage_03_artifact_loading.webp,697m3uMZebohw27FK2DTsUAAZZw=
docs/pages/help/usage_04_circle_shown.jpg,qquMvBfOOzC4MSN5hCTVvPU+JEY=
docs/pages/help/usage_04_circle_shown.webp,CM6KhE9sJYZtNtsAw2kHdqNJNBc=
docs/pages/help/usage_04_looking_for_floor.jpg,Evl5BUmYH7Kni1xDj7O6FceJuqo=
docs/pages/help/usage_04_looking_for_floor.webp,f5dJLdZecmfZVIbsinYhOUkniqE=
docs/pages/help/usage_05_artifact_shown.jpg,OMf6yhjO2jDSoGT6VSapNO8TLg4=
docs/pages/help/usage_05_artifact_shown.webp,pdkG6n4rdqbC8xWpCxQjIuyCkK8=
docs/pages/help/usage_06_done.jpg,s86ul8EgaFiCdVovXvKXnZts80M=
docs/pages/help/usage_06_done.webp,i8WAGvObrWigPUczcG7Txs4Lz8k=
docs/pages/home/cities/chemnitz.png,NlUA14tAMEqfWPHiSAvblMgBAOs=
docs/pages/home/cities/chemnitz.webp,aLyEmOv9y6NXuElFVBf4f0mfwWU=
docs/pages/home/cities/empty.png,2jGMyZH/g02aR4I9/aqIaasZjQ8=
docs/pages/home/cities/empty.webp,xGXdYEEVF9+/bxlvj+xN+nTNvYE=
docs/pages/home/cities/vienna.png,bEzvYwMnbC5yQjGYSzI9JY9NEKU=
docs/pages/home/cities/vienna.webp,vHfePhRyi6tTIpy2QTooqfJQGuo=
docs/pages/home/expo_dialogfelder.jpg,w4/p1ygncYM6Iaxorj3UnuNvheI=
docs/pages/home/expo_dialogfelder.webp,T35BAoFdAwgzF4JON0NfcbWYqZQ=
docs/pages/home/expo_opposition_stubentor.jpg,5MMgwEri3TS6JFSDAmUkm37Syww=
docs/pages/home/expo_opposition_stubentor.webp,AqxneBpIu7w8YVlDAxvzbTXhXbg=
docs/pages/home/expo_opposition_volksgarten.jpg,rUYmm0AenRtUIQVSLkpNQWKwOCA=
docs/pages/home/expo_opposition_volksgarten.webp,Z5bmLX1t0YnJ3RLf1hIjAs4GrSA=
docs/pages/home/header_opposition.jpg,BCI/jEXIa7+xsTDZDhJ/cYE9oA0=
docs/pages/home/header_opposition.webp,Z9Ey+iFfhQ9RMX4NSSjfHVTNh1M=
docs/pages/home/map.jpg,gFPIfR4CY0e2iS32Kr7jeu9YKXE=
docs/pages/home/map.webp,idm1nK7W+bvQEo1uRv9omiTG+zI=
docs/pages/home/teaser_video_preview.jpg,m9Z/ccy1NS0KJnAIpeN7f2gwjMs=
docs/pages/home/teaser_video_preview.webp,lEmcj5hT5NEtRFmUcl21rev24VU=
docs/partners/aacollections.avif,rwSgM2vXn3CUBFXQaimqv3FtpQE=
docs/partners/aacollections.png,rRuGLCzqzfxt14WYa1qtttoE5j0=
docs/partners/aacollections.webp,s6tMBosMhjotWM3R52ELs7+Ixac=
docs/partners/bordsteinlobby.avif,0i220azJ9yZ7nFeXMuxqfv7A1tw=
docs/partners/bordsteinlobby.png,JVvDtMn5ME6fEebXeBrWJjlI2jQ=
docs/partners/bordsteinlobby.webp,5kI4lxAxGXkCPco+8l8oqJYr0Ks=
docs/partners/dachsbau.avif,27MYisLH95SC21XXl9Go+PAZfn4=
docs/partners/dachsbau.png,TVJISHqC/K2PKmw4NJKzIZD1rnw=
docs/partners/dachsbau.webp,q/k8Cbfo+asZWkqB1DcHS36k084=
docs/partners/dieangewandte.avif,r8EETEhnAI/VFjCVf8NgkBZttxE=
docs/partners/dieangewandte.png,EqBFxZHwlpb8+H/bq5MBZPd6brY=
docs/partners/dieangewandte.webp,u8A6HBHW735JJFVwyom9WOIM8sU=
docs/partners/fhstpoelten.avif,3XtO55dvhcD1qTImMwBRM53LcjU=
docs/partners/fhstpoelten.png,dw5Q0NVwmWiSiWNePdV8QvvXRcI=
docs/partners/fhstpoelten.webp,rGs63Mr/DDWDjxbpdtQQz7U/pIE=
docs/partners/klubsolitaer.avif,DYMsHtoMuJ1E+5HEpnfT62yyc+Q=
docs/partners/klubsolitaer.png,I53zSRP46M+eG/8LpJNjJm5MTMs=
docs/partners/klubsolitaer.webp,lEy/FB17LFx3L6dwPIKbEJNjqcI=
docs/partners/metalab.avif,mQdnfSBvdXKFFZPSWM+ASrRWeeQ=
docs/partners/metalab.png,E5QHdUU0WRYA7ouwKnai4mjXsTI=
docs/partners/metalab.webp,h76KAGtjRHzhvRiyEf2EjDnjUTg=
docs/partners/mq.avif,w8eFsQ/WoREhcHucW8Msr8SfS1Q=
docs/partners/mq.png,8NGKNbSnIewBGMRG8+P+iPB8Cfw=
docs/partners/mq.webp,krdUgyeHDjAc0Ui1USvuaJ5egGE=
docs/partners/mysoundofmusic.avif,/1BouVZJPWcGP+hpL649iih9mv4=
docs/partners/mysoundofmusic.png,JxR5+RKjCxCoaHf0f6JD/X43KuE=
docs/partners/mysoundofmusic.webp,XeaNb/cfTO35k4HMxKLvO+s3ef4=
docs/partners/pixfilm.avif,DAGTjNkPc+BhjvXSO/ZkavhLMCU=
docs/partners/pixfilm.png,hWVC2vFQxhmMPXBF5MTPUS84oKc=
docs/partners/pixfilm.webp,3H320t97Zqe0avl06pMJ/6DQs8s=
docs/partners/sandkastensyndikat.avif,g9JpAlfjLGca176UlMekDWIIB7M=
docs/partners/sandkastensyndikat.png,l5lcd2gJoY/MBLEYQD+LOHXJmhs=
docs/partners/sandkastensyndikat.webp,83LV7JsdLFIu71zQQeca8l21bho=
docs/partners/setzkastenwien.avif,E/W9C2haNg20vYAn3CXJVE+BzmE=
docs/partners/setzkastenwien.png,CFre18M6kw1DM0eaqFyAtwE/XYA=
docs/partners/setzkastenwien.webp,9Ws6hjKw+VcmIgnonunXYyLKZJY=
docs/partners/smac.avif,srGLYdirP9zYcFdghlN33w/XyeQ=
docs/partners/smac.jpg,5p0GJ/9fhI0JeIXZ62x2d3jm7Uc=
docs/partners/smac.webp,kJQj+EyWG9teKIqlyJZ/4YHqPVk=
docs/partners/textfeldsuedost.avif,AJMIHvAxVN5Nz8Xzp1kRQqyabWk=
docs/partners/textfeldsuedost.jpg,7cEJ5WraCoTR24ONUyNJkmABExY=
docs/partners/textfeldsuedost.webp,OEy7gdyktN4jST1kWvKSlO0tIag=
docs/partners/usus.avif,2Qx2gXtGCjlef9dIMSoPtmyUfq0=
docs/partners/usus.png,xuNOJmKf10tiPYWQY2ZAPdg1Hbo=
docs/partners/usus.webp,8UKVI5LcNFcpnvUTBQYGQTwOCZU=
docs/ply/basisatelier.ply,/afPiW0kUdeRpicf3xSP1N9EzAs=
docs/ply/casermadrago.ply,V+rjwpuvN8MwkzPViJ0KKn8cE+c=
docs/ply/casermadruso.ply,5V0dW7p8lQVaD3j0kBdudDZogXg=
docs/ply/klubmontage.ply,MrZrMI02UcpAf3ts+cWiSWRHwmg=
docs/ply/leerraumkunstbogen.ply,zKEJsf+UqTtOTWLlQXQFoJXH9OI=
docs/ply/leerraumlandestelle.ply,NvQmuaTLmYmKhUUb+tWRIRNQ6u0=
docs/ply/lens01.ply,azA+e0Yu40TRUpxeMxGwpB2fSBQ=
docs/ply/lens02.ply,2749ymR9Pl7cJkjkh9KkCznF0/M=
docs/ply/stilllife.ply,6yGCc6GWTSl9JaRi9/4Xz0WvBpw=
docs/ply/xarshyperobject.ply,RAEtbXSbVhi6ETORDrI1UN1EAAo=
docs/skybox/basel/leerraumlandestelle.avif,tDPMPcSmFTqFliXrg22Hc849ch4=
docs/skybox/basel/leerraumlandestelle.jpg,Tqby3IE6czwRuIagShxMV+rbwLQ=
docs/skybox/basel/leerraumlandestelle.webp,LvX1PpCYHhl0yRqeOuAhsexv0Nk=
docs/skybox/chemnitz/autowerkstatt.avif,ClmyyClI6p3wLQfZIx0uLyGko/s=
docs/skybox/chemnitz/autowerkstatt.jpg,hSesrriYAsHYFKvcOauX1d/Mk+w=
docs/skybox/chemnitz/autowerkstatt.webp,rT4Dt4Bc+A/BVhUaWD93dRM4toI=
docs/skybox/chemnitz/chemnitzmitte.avif,F/PSm9NbcoFTUfg7ziC08Lz9K/s=
docs/skybox/chemnitz/chemnitzmitte.jpg,N5TVlyKt8tg+KhtdYJIWiU9NwQ8=
docs/skybox/chemnitz/chemnitzmitte.webp,nwB5JLSh4Liu+X+722resjUh+94=
docs/skybox/chemnitz/chemnitzsued.avif,RPxO1rqLT0tXfUH8d+y/hl+DqdM=
docs/skybox/chemnitz/chemnitzsued.jpg,nba+Ltn1lOl65jy+JWO5A00MbyM=
docs/skybox/chemnitz/chemnitzsued.webp,H4L2xPqD3/gbHbWFMXP6ziY+3M4=
docs/skybox/chemnitz/galeriehinten.avif,E1SY4bQYRfZ4lmEGmONtbpEPXxc=
docs/skybox/chemnitz/galeriehinten.jpg,FBEFPp0ZdlqZo5b+GwVG6bH893U=
docs/skybox/chemnitz/galeriehinten.webp,NnB9VHbV8kFpqM7TgI2Jg7ClXcE=
docs/skybox/chemnitz/ibug.avif,Z/Fhrl4DknlLQiCFFKw2EXPNbIQ=
docs/skybox/chemnitz/ibug.jpg,nSVE6Kq4u1FskrPYT85KmIk3KhA=
docs/skybox/chemnitz/ibug.webp,YqkKwuKxPxBRrp4gSZJ3rLQA3iE=
docs/skybox/chemnitz/lokomov.avif,45Atx4/kQZ21qilHhcsxgFH2veI=
docs/skybox/chemnitz/lokomov.jpg,6sP8eijiJ0TS5PKPyo74+sFRr7w=
docs/skybox/chemnitz/lokomov.webp,BfPHyr94KnPqeNjH1zM4n1MapCE=
docs/skybox/chemnitz/smac.avif,ET485VcFfjsNcnBNJv7sXkj8/cQ=
docs/skybox/chemnitz/smac.jpg,Rt8hL04mwILNobOlhlatbrJ6+Rk=
docs/skybox/chemnitz/smac.webp,exaQsJ/MSdIEZIluYgAVbppsBJ8=
docs/skybox/chemnitz/stadthallenpark.avif,uGop4NXZvCeIluLh0T8/OBkXq2c=
docs/skybox/chemnitz/stadthallenpark.jpg,qtuYeuvbOU6chXV4bIirThl8m2w=
docs/skybox/chemnitz/stadthallenpark.webp,WqhtDFQvsEvCl8NT+5+uLsrSvoU=
docs/skybox/chemnitz/transitclub.avif,+yj3TtWe+c3xDH2YjfG8HDDS8P0=
docs/skybox/chemnitz/transitclub.jpg,Pw6VrocuyEF7eVfAzS4TDIswjKI=
docs/skybox/chemnitz/transitclub.webp,nkflqvErOAX+ApCopkekj8g6gOc=
docs/skybox/default.avif,99QC3Xh3vkMij8fpEoyFjNf9eNQ=
docs/skybox/default.jpg,lTXWp2MrS+fyogrqYnYqyGLrwUA=
docs/skybox/default.webp,8jM2EJkfaCcdzBInsMrYaKJ8rCA=
docs/skybox/dresden/default.avif,3HU5P8zWQzdp6pMhbyk5TNvHP0k=
docs/skybox/dresden/default.jpg,y6cw2On6HI2US1zhs11Ht0JufbY=
docs/skybox/dresden/default.webp,SVhyUyMSzru+8UjuNAhTOrDtxrE=
docs/skybox/dresden/nadiasvision.avif,uUHV5LkjQaqlDhAfjx+OQH5YCMY=
docs/skybox/dresden/nadiasvision.jpg,gbLuAkJGSUsda0qn+SZjnVifOUw=
docs/skybox/dresden/nadiasvision.webp,+StcRcheC/1Afj6KDbN9BDFo+MA=
docs/skybox/gelsenkirchen/placesvr.avif,PZHCwBhPNaEEQFkuTPNtSPaZcUU=
docs/skybox/gelsenkirchen/placesvr.jpg,8w1i7HqmigSvYhi2kgiHzjMZqRU=
docs/skybox/gelsenkirchen/placesvr.webp,VduLeInieJ6l2rcXUVXJ7H6Neps=
docs/skybox/kingston/kingston_01.avif,TaB2aYjZYSfvro3Z85IRL6vrlXs=
docs/skybox/kingston/kingston_01.jpg,ANggRzzidoENdqyVWBcd6Q1oZTA=
docs/skybox/kingston/kingston_01.webp,XRvKuXuslm3fKmAZ35izNymtDjU=
docs/skybox/kingston/kingston_02.avif,xrdghsp8rFfUAe5RTgXs6+TTqaY=
docs/skybox/kingston/kingston_02.jpg,0DEFyVQM89YBXNc0TXA1+X9RJAc=
docs/skybox/kingston/kingston_02.webp,grKbDlqiojiEKhAT3TsbC/X/eH8=
docs/skybox/kingston/kingston_03.avif,/Qdn32WzLfz1GzTNJ5zd05tKPcY=
docs/skybox/kingston/kingston_03.jpg,dVKvR56p6/F7PelNhwLLgrpDKy4=
docs/skybox/kingston/kingston_03.webp,QSVgTdoMY7MjqO2YK9tCwRSn75o=
docs/skybox/kingston/kingston_04.avif,/Qdn32WzLfz1GzTNJ5zd05tKPcY=
docs/skybox/kingston/kingston_04.jpg,dVKvR56p6/F7PelNhwLLgrpDKy4=
docs/skybox/kingston/kingston_04.webp,QSVgTdoMY7MjqO2YK9tCwRSn75o=
docs/skybox/kingston/kingston_05.avif,XClxsD/5KnYX1M6KPu8GePsIz9g=
docs/skybox/kingston/kingston_05.jpg,QxoKxR7ngMPt20slYTu3RJ1mrRU=
docs/skybox/kingston/kingston_05.webp,KgQJMIyohAHsQmxHeOAOifvwnhA=
docs/skybox/kingston/kingston_06.avif,bOBEny+2rkdUdAUW86UyacVNLdE=
docs/skybox/kingston/kingston_06.jpg,TNxTypO/RcVc9PsJrvxOTh7lMy8=
docs/skybox/kingston/kingston_06.webp,I5Vlpzr8LbkIfvkohHUHciAjYek=
docs/skybox/kingston/kingston_07.avif,UPAGczRzl/PEpq9GzaU4RF8c76Y=
docs/skybox/kingston/kingston_07.jpg,+KRsFNzpBbzNfysrJOduYZl5l+E=
docs/skybox/kingston/kingston_07.webp,4vY2Bv+sUmW5l63LFzGGGT2A+Vg=
docs/skybox/kingston/kingston_08.avif,r2b08zz11sNh+Bz44W4Ckmf71Fs=
docs/skybox/kingston/kingston_08.jpg,yO4rkjdmqmqItauEFjwDOmjidQE=
docs/skybox/kingston/kingston_08.webp,CdAHszXjb5TjQq9LNJRnqjRPRYw=
docs/skybox/kingston/kingston_09.avif,jituCRZbgVeNEp49CiDd4n66PpM=
docs/skybox/kingston/kingston_09.jpg,pOro5T/2+yaQdUjKg9zBLEGkKNQ=
docs/skybox/kingston/kingston_09.webp,QkI4DUpIQcpEiVPe0RhBEtK8snA=
docs/skybox/kingston/kingston_10.avif,fElB5FolLlLR+IJcpAVPUCZufUU=
docs/skybox/kingston/kingston_10.jpg,CX07kZ5QwS3sUJCKX95Fwn3LEAo=
docs/skybox/kingston/kingston_10.webp,AwyGYs+w/JMmeHlC+vVuPFVIWS0=
docs/skybox/kingston/kingston_11.avif,fpOK2raRMeFA84yzdpARLlUo6eE=
docs/skybox/kingston/kingston_11.jpg,UqJSGa3OPu3SuAFjj1gKBW3p+GY=
docs/skybox/kingston/kingston_11.webp,v5AdPIPyKQzRLZUaP1FzN7aVog0=
docs/skybox/kingston/kingston_12.avif,Rav5Q+kV+opJSFMWq+/sj9tV4SE=
docs/skybox/kingston/kingston_12.jpg,2OrDHFx6tQhYhg4GWpNu0gDKyX8=
docs/skybox/kingston/kingston_12.webp,+VTWyaUy5LvN/TTd8W0qGBY80EQ=
docs/skybox/kingston/kingston_13.avif,mTglsJRVfFGsLkII+GCXOTEYQuQ=
docs/skybox/kingston/kingston_13.jpg,773XpX6r6xfMgvyhFUVas+JXdY0=
docs/skybox/kingston/kingston_13.webp,2BCB/BZg8PBze3geajFXTLyyCWE=
docs/skybox/kingston/kingston_14.avif,rM1mhzhI12hkt138fPS8z8XtqpM=
docs/skybox/kingston/kingston_14.jpg,w14J7B5LIEE3Z/GZYiILCe/wRek=
docs/skybox/kingston/kingston_14.webp,ACCKdUBiFUau1BTJueCY3359ov8=
docs/skybox/kingston/kingston_15.avif,WwtNkqwYrxczDLw6SN0ratabp/Q=
docs/skybox/kingston/kingston_15.jpg,qinJAtBgQXe7KJaQ7HH2sY6Vcpk=
docs/skybox/kingston/kingston_15.webp,og8gpNR7nnwsTnrHgazaGUhb4Mc=
docs/skybox/krems/dominikanerkirche.avif,OpTyN4yMKwgvcLSUH68tgQsfSU4=
docs/skybox/krems/dominikanerkirche.jpg,oZnWNSXuRHznMcdn03z66bvoxq8=
docs/skybox/krems/dominikanerkirche.webp,RZQ50GHiBTB37MuvIuj6NMDF7CY=
docs/skybox/krems/loess.avif,29vcYJBzdwvJWOecKKSRR3Dxbvc=
docs/skybox/krems/loess.jpg,CTqH/CE8ngbsaK8+IE6FHERrAhw=
docs/skybox/krems/loess.webp,0MFSGvdePE1bQ3iBN0rnntv2fiM=
docs/skybox/krems/museumsplatz.avif,6YqpNaRuY3nD98gaEBQu2svbUyU=
docs/skybox/krems/museumsplatz.jpg,W5/wR/zmP927ZN6IFgU/gnmZ6mg=
docs/skybox/krems/museumsplatz.webp,Vw89lZlk1E45M5MVCHP1PXVu3OY=
docs/skybox/krems/museumsplatz1.avif,nPBrD7LtyR4fHScWQCAUSkJsmsg=
docs/skybox/krems/museumsplatz1.jpg,OQNWYEOI+Qxbl4YvsXa36d2/oxE=
docs/skybox/krems/museumsplatz1.webp,bMaqyukwnP8gTvCjwlmSGFXANMI=
docs/skybox/krems/museumsplatz2.avif,zqiPjjjcYMQ+GFUzEHpoSX90OD4=
docs/skybox/krems/museumsplatz2.jpg,MoXwdWAqx/Vg+iWg5MGva4m/QSQ=
docs/skybox/krems/museumsplatz2.webp,demqSd7WiI0uaLyw7lc4bwhuurc=
docs/skybox/krems/museumsplatz3.avif,iuQbKZ5SNczOLzf6C/XVwDSPRrg=
docs/skybox/krems/museumsplatz3.jpg,wme2JGSCdN6vfUwsfluew++H0Ik=
docs/skybox/krems/museumsplatz3.webp,JP7szMP7sMiZP5wvkQ9hBZu9MCA=
docs/skybox/melk/default.avif,rpbDt0WFTl0Qm/VxfzxpoCtBPaA=
docs/skybox/melk/default.jpg,taxP+31p8w8cHCOY/aBx58rmF2I=
docs/skybox/melk/default.webp,+R0NVt0Omizd0BIIzMxpdAaWCk4=
docs/skybox/melk/fhstp.avif,hqhnNPZXHHUDgMjcZgwFwRCqf0o=
docs/skybox/melk/fhstp.jpg,Okj/2l/3a3tV1/8qEC5UC/b+UYE=
docs/skybox/melk/fhstp.webp,1g5r++9NhriZ1BLgOM+EZhUnRI8=
docs/skybox/melk/urdonau1.avif,Lyn63lRGjETFiMyFfHN7rhi9/uM=
docs/skybox/melk/urdonau1.jpg,7iz2/gKvbK5Ve/eGJRaG87jEDyA=
docs/skybox/melk/urdonau1.webp,v6VNfOE9DX+Tiw0YA7vL0InIeg8=
docs/skybox/melk/urdonau2.avif,lqNr0II2iQBBKbymOLL3JnsqY0M=
docs/skybox/melk/urdonau2.jpg,f7jKpkXxtQkMRMhOeDHT7H4F714=
docs/skybox/melk/urdonau2.webp,FjPyb5viYQACKLDd1jvU0L/JnEc=
docs/skybox/moon/default.avif,KLFR9KvYs6KbYRLobz9rfRrslYo=
docs/skybox/moon/default.jpg,O0cdHZzyY0m4LEIC1rJeLq7gx1s=
docs/skybox/moon/default.webp,1hhe4XDUlB3AF1dFvK9eMC9K/F0=
docs/skybox/ottawa/artscourt.avif,fIwLgEitJKViqAmv3j5w3dHYn2A=
docs/skybox/ottawa/artscourt.jpg,5NO3gjsNBmFOMd4TgYM9znf6P1k=
docs/skybox/ottawa/artscourt.webp,F2e+3VEwRnXPvHD25fC9/6lo93A=
docs/skybox/ottawa/artscourt_stairs.avif,nRErTBxKh7GDGhSkobnK/EJ5dEQ=
docs/skybox/ottawa/artscourt_stairs.jpg,t7eY/ZAMBX01ta20ejIysal7JZ4=
docs/skybox/ottawa/artscourt_stairs.webp,oCNAwDRbqeeYX9R1OrcYV42Sgi0=
docs/skybox/ottawa/bytownecinema.avif,uRxjo7JHBBFzGW2gsykC6mwLVto=
docs/skybox/ottawa/bytownecinema.jpg,wr0z/Klze+W2+Npiei2x/gm38qY=
docs/skybox/ottawa/bytownecinema.webp,5jNplUaXHu8qAae3LlsS4c514JU=
docs/skybox/ottawa/bywardmarket_center.avif,HStYxJFh33ST1EAsYctPz4/Lt9k=
docs/skybox/ottawa/bywardmarket_center.jpg,61d/GrUP+FJ6/loOeMEsb1D5bnM=
docs/skybox/ottawa/bywardmarket_center.webp,36BhZbAB0svLwoCU64kCbH9x634=
docs/skybox/ottawa/bywardmarket_corridor.avif,GL9/oiYChxRmdKIQS6feKlBPxAY=
docs/skybox/ottawa/bywardmarket_corridor.jpg,djsZjmM1CUTI7cuV29eWyB5+cOM=
docs/skybox/ottawa/bywardmarket_corridor.webp,arTN4vnzi9aU1vC/V55MaR8J/MI=
docs/skybox/ottawa/bywardmarket_passage.avif,jA9gJUyCw6FX3PlhJXIgCG4+7lw=
docs/skybox/ottawa/bywardmarket_passage.jpg,52AFTZGzFdvMjXfDRzrKnn36Dyw=
docs/skybox/ottawa/bywardmarket_passage.webp,Bh9BS3+o3Jv/0qjzR+cW4zG9pTE=
docs/skybox/ottawa/gallery_back.avif,q2JM0jZ07nB/jGMhSPKLBKUhEjI=
docs/skybox/ottawa/gallery_back.jpg,QC7I5eDMr8YIbh3YJseZwXtBfgU=
docs/skybox/ottawa/gallery_back.webp,19+VFgpCVV1cLvOu/mL2/TYKuso=
docs/skybox/ottawa/gallery_front.avif,rPaE9rPdFhPeMVaB3IZbNkQy8Fo=
docs/skybox/ottawa/gallery_front.jpg,FrP+OBMN/JpvPV46eZkgxdPKyDc=
docs/skybox/ottawa/gallery_front.webp,S9slTSzV7MLAcOgSNQFedDkfXq8=
docs/skybox/ottawa/maman.avif,ILyW+ewmdVVudHOWw6UCzMiUvTo=
docs/skybox/ottawa/maman.jpg,SXiNbVUDRDFr3Zycmna3O7y/LOQ=
docs/skybox/ottawa/maman.webp,HLUmC9/dvYKdiwntXQuF0RLF6mA=
docs/skybox/ottawa/peterson.avif,TKw5p6VLUFi8de03yis2Dsr3Rb0=
docs/skybox/ottawa/peterson.jpg,Xmvq0sp/iyS/SjltZZHXa8cSLkw=
docs/skybox/ottawa/peterson.webp,9vRtqO3FfiSaj12eYop8nDX7C58=
docs/skybox/ottawa/rideau.avif,27sl+twEeJsvRukIXd2NHbECXTE=
docs/skybox/ottawa/rideau.jpg,9jyA0Yes/l9/KAMGkoCqTfe7W2M=
docs/skybox/ottawa/rideau.webp,m/bOw2dpIXAbIY3VzCDt8Z8F6DY=
docs/skybox/ottawa/sawgallery.avif,Vc3RAJfV2NjU7buQXot3NMZYNhw=
docs/skybox/ottawa/sawgallery.jpg,fwt1Qpj/nOJjeEBr6ZBDotxojnk=
docs/skybox/ottawa/sawgallery.webp,tfayn9J1N+nTfRIMY96kv7ZEtLU=
docs/skybox/ottawa/strathconapark_01.avif,RGFsW+RhT2P/0sH8yZe2pLXLeaI=
docs/skybox/ottawa/strathconapark_01.jpg,2RRap1fwA0Bp1WtUg5O8cNwgYX0=
docs/skybox/ottawa/strathconapark_01.webp,6rZe47uBhIPCfjyyE+sjzXvkJcA=
docs/skybox/ottawa/strathconapark_03.avif,JYg8H4OIV1sBYCJ5IIZ/GpVdgkQ=
docs/skybox/ottawa/strathconapark_03.jpg,kbx+nro16HchwDf4rjY83mv0yyA=
docs/skybox/ottawa/strathconapark_03.webp,n8X4DY4H7IJE2eIrlFOpFDRUbrs=
docs/skybox/ottawa/unused/arts_court_2_nick.avif,qz00klJ3O1L+VqBOJmyVeHUWuiE=
docs/skybox/ottawa/unused/arts_court_2_nick.jpg,Loj5Xz7uQACmD/oY+Ve+yMZvanw=
docs/skybox/ottawa/unused/arts_court_2_nick.webp,VaLZcMAmvhy/hR46IFRc+ikgSTQ=
docs/skybox/ottawa/unused/strathconapark_02_elise.avif,7S3DhkiEWqGr2qd9JMu6l8Vbvew=
docs/skybox/ottawa/unused/strathconapark_02_elise.jpg,gTThDvFJ1YdYfeKPVb9a8L5lpPY=
docs/skybox/ottawa/unused/strathconapark_02_elise.webp,wZcKiIHNhnSutKjfAfYY0ralK6w=
docs/skybox/ottawa/unused/women_are_persons_nadine.avif,6YixLgvccSdukfFy3hIVFTJ2r14=
docs/skybox/ottawa/unused/women_are_persons_nadine.jpg,H3Ql+ZY25jlbrrf5Yh7u5RhE6Pk=
docs/skybox/ottawa/unused/women_are_persons_nadine.webp,q29wQWqaBhWtChhkKicQMrc89fo=
docs/skybox/rapottenstein/boehmischemasse.avif,a/CXHPVeG3kYTo2jEDINLjgKxKg=
docs/skybox/rapottenstein/boehmischemasse.jpg,QzpKOG1y4BjkIQygxRPAqUNiXTY=
docs/skybox/rapottenstein/boehmischemasse.webp,qCnzh1Ze2+ERxTto9V/daDv5LnI=
docs/skybox/schlanders/basisvinschgauvenosta.avif,D/1KuK6TW+MWONZgNAE7lHmKsQk=
docs/skybox/schlanders/basisvinschgauvenosta.jpg,M1TZwuZC1jB7MGDzGJ+u0xAWVSw=
docs/skybox/schlanders/basisvinschgauvenosta.webp,7CNKxaM7+gAtF0UiAhaT0+Vh3Ko=
docs/skybox/schlanders/basisvinschgauvenosta_entrance_exerzierplatz.avif,A6iJwWrzrxPlBIsae7MCA/8AT1A=
docs/skybox/schlanders/basisvinschgauvenosta_entrance_exerzierplatz.jpg,kHYuOFX622AaT6woZefMxqNqL08=
docs/skybox/schlanders/basisvinschgauvenosta_entrance_exerzierplatz.webp,C8MUKpI/2WSnfSsXso+mR1RLnsk=
docs/skybox/schlanders/basisvinschgauvenosta_front.avif,3/zxkn2sqkzYZAuiW+0vxQVu2/8=
docs/skybox/schlanders/basisvinschgauvenosta_front.jpg,cH2tcKqpkvojO/KRYpsEwQ6mFfs=
docs/skybox/schlanders/basisvinschgauvenosta_front.webp,cL4uh501jdZFWw1nK9m7IBcpQok=
docs/skybox/stpoelten/default.avif,rpbDt0WFTl0Qm/VxfzxpoCtBPaA=
docs/skybox/stpoelten/default.jpg,taxP+31p8w8cHCOY/aBx58rmF2I=
docs/skybox/stpoelten/default.webp,+R0NVt0Omizd0BIIzMxpdAaWCk4=
docs/skybox/toronto/bellevuepark1.avif,uzqbAYPS5WankYoBmhCPPtc4l2E=
docs/skybox/toronto/bellevuepark1.jpg,B9qQ6kuRCs2iU+tdhHAYf6osWJA=
docs/skybox/toronto/bellevuepark1.webp,j9RRZjQHDIsfcSeDwLdLbrM5mCM=
docs/skybox/toronto/bellevuepark2.avif,4fr7xl5yXTw76fVQSV+hCP4zhRg=
docs/skybox/toronto/bellevuepark2.jpg,3u5G2K/e8O6ftTMokkBQMdI0kwI=
docs/skybox/toronto/bellevuepark2.webp,41TfgCJR64vKGjYrxK/SAAW98Qg=
docs/skybox/toronto/bellevuepark3.avif,fE5s2fCIczbpZs4zJdMIdzf/CY8=
docs/skybox/toronto/bellevuepark3.jpg,72b53RS7aHDLD3r8lBmOE2SKqh8=
docs/skybox/toronto/bellevuepark3.webp,ldRtsIzuiS1FfYwYG3UhpovWSlo=
docs/skybox/toronto/bellevuepark4.avif,GCZ1s8JguO3uFOZJOwgNO27oKlE=
docs/skybox/toronto/bellevuepark4.jpg,8mQA4iILKjpVnRsHoKG/ioZRWA4=
docs/skybox/toronto/bellevuepark4.webp,tWUPMUB92GNeeVeXxKZK96NXDMA=
docs/skybox/toronto/pixfilm.avif,RyeXqe3jmAZe7KowaVrzm3HJb8Y=
docs/skybox/toronto/pixfilm.jpg,Nw3XDS6iIHy32thXc3F1yO2y12w=
docs/skybox/toronto/pixfilm.webp,sMbNCMfkzm4X/1zNsozMbK2j2Dw=
docs/skybox/toronto/thegalorias.avif,qClBDG2HJNCnRnY4SFREzkmihco=
docs/skybox/toronto/thegalorias.jpg,a7cb0tcDNC1xs2O+Ok+OdyHT5/8=
docs/skybox/toronto/thegalorias.webp,obwka6+XbfvzObvAQ4MketBykS0=
docs/skybox/toronto/toronto1.avif,pzazHPTE0rmIxYuyNpeVLCCFm2k=
docs/skybox/toronto/toronto1.jpg,u+wfuScB/gHUPQvbrXHkGwdEQ0Y=
docs/skybox/toronto/toronto1.webp,H0TeyVUk4Z2wqTUq+S6uiYZ+Euc=
docs/skybox/toronto/toronto11.avif,mggotoPEWETK3dO4aKVHdW5M28A=
docs/skybox/toronto/toronto11.jpg,ec4bZwasTNrG0OeYjkKQwb/n49w=
docs/skybox/toronto/toronto11.webp,SckewcJP7qIzj/XpNNgoacwr32o=
docs/skybox/toronto/toronto14.avif,JUih+vZUhfuMMbKs1SNQVUl2PPw=
docs/skybox/toronto/toronto14.jpg,HI5Rw7R4n0xHmL7cDEmSFVID+Wg=
docs/skybox/toronto/toronto14.webp,wnODJydj+WvW11N80Kz+j0ML7Ww=
docs/skybox/toronto/toronto16.avif,hRRzcJg2mPYsd9OSy85XRq8hoSI=
docs/skybox/toronto/toronto16.jpg,hzi+o+mj4lrXogfdi5/iAeX3CpE=
docs/skybox/toronto/toronto16.webp,JlJI7OFT1/iwPqMwf0mlNZWcBIo=
docs/skybox/toronto/toronto2.avif,8gDJKCfEkUrfj9qJRExUQyvq1rc=
docs/skybox/toronto/toronto2.jpg,aVCt+nAdqMKTKkYDVvnJ4pBhlT0=
docs/skybox/toronto/toronto2.webp,QQ39f2GzC2nS05Y0b3ei4JVsqSw=
docs/skybox/toronto/toronto20.avif,Wn3jOxTndjrXIyNKHAb2btA7xqg=
docs/skybox/toronto/toronto20.jpg,6+XInatFntueg/MDz8cOBd5luSc=
docs/skybox/toronto/toronto20.webp,ijpZChZXOuj/6/DG0o3etAdramM=
docs/skybox/toronto/toronto23.avif,laFEpum1KQr4nXKYeO3rr6jCz3w=
docs/skybox/toronto/toronto23.jpg,UcmGOJNKLjr6BTlR2t9X71xOSDM=
docs/skybox/toronto/toronto23.webp,W2f65fCmL9sxs7c8V4TFd3nQrOQ=
docs/skybox/toronto/toronto3.avif,0az8/c65hgywLr9CQutPS1HWp9c=
docs/skybox/toronto/toronto3.jpg,IAwOytXd/ZEFHOHX9j3xm6xUU4Q=
docs/skybox/toronto/toronto3.webp,YzGIxhbYv39tLAfHDz9m6UrQ7dk=
docs/skybox/toronto/toronto4.avif,vsyV+WfAfijnebSoMY2BZ9hKCaE=
docs/skybox/toronto/toronto4.jpg,3/6BeGf4b1b5fm1uzAHNCUXphVo=
docs/skybox/toronto/toronto4.webp,BySLbwBqJTjawdPkt4lKYkdyo6k=
docs/skybox/toronto/toronto5.avif,zDZSZ7tooz9PFr5XRiG9HH2luGo=
docs/skybox/toronto/toronto5.jpg,+srz+81TfUdr4JwnVtjwwgxfKM0=
docs/skybox/toronto/toronto5.webp,lT6N98rgBBxk4y7aeMe1m39FxBs=
docs/skybox/toronto/toronto6.avif,3OzxttuBhU+mjNreQBQhWSQfo0w=
docs/skybox/toronto/toronto6.jpg,Q7F3tDplUjVD2fQSuWRXv/uV0NY=
docs/skybox/toronto/toronto6.webp,ScpmIvvOMJRUGEJsLCBaTjY+anE=
docs/skybox/vienna/aacollections.avif,A9A/nUCal+bSMqsaX+lQQ9kNwHg=
docs/skybox/vienna/aacollections.jpg,iIITJ2ZMBKntFr2k1tYZCGiSDBo=
docs/skybox/vienna/aacollections.webp,u0pm3wlEXxHAX2Do7dYGpJpvxq8=
docs/skybox/vienna/altewu.avif,PZellHGlG788JrL555aysrd+rGY=
docs/skybox/vienna/altewu.jpg,pD6dRxiWG1nn24Xn/KZ3CKfpID4=
docs/skybox/vienna/altewu.webp,sc0yJZoR0dHhOKM9rkumpqzlUzc=
docs/skybox/vienna/amhimmel.avif,PdJderOAXG5SLVKp2RituM2xPsc=
docs/skybox/vienna/amhimmel.jpg,DNUlifPQO6kbbkUww0v9UrhWx14=
docs/skybox/vienna/amhimmel.webp,ZDQazuqO2+OvH7PM3aqaExodT2M=
docs/skybox/vienna/artificialroom.avif,KbpukPx+0bWXWipFiwVyYT3Z2sg=
docs/skybox/vienna/artificialroom.jpg,CkOkdV3OODPLgyvD6kCl11FE2rY=
docs/skybox/vienna/artificialroom.webp,osOo+W0sJuwnJe5ex0ICUc4xVPI=
docs/skybox/vienna/ausliebe.avif,AGzh479g/4oBMk1NbEw20fdPfkY=
docs/skybox/vienna/ausliebe.jpg,AE7KyHhw4fBsrSTXu8ePBMAVvJ4=
docs/skybox/vienna/ausliebe.webp,KosVMvIf5c5iiJ2yl/7yZHREn1Q=
docs/skybox/vienna/bastishoehlengleichnis.avif,308bLWHVnxpDtL719HpabhTyqRo=
docs/skybox/vienna/bastishoehlengleichnis.jpg,Il9MjM3NCq2m2QuaCL+KiMOuV0w=
docs/skybox/vienna/bastishoehlengleichnis.webp,LsG4pMia6aO/OM6NQTp3FY2UQ7Y=
docs/skybox/vienna/beyondutopia.avif,qJs+9+dVBt+KPs9eyCcRxzPnp8U=
docs/skybox/vienna/beyondutopia.jpg,xFSVpNHk+VINsC/Qm9knYgf8qlo=
docs/skybox/vienna/beyondutopia.webp,YPvcYPgwUr4cjeUZsv/vRZkWP6Y=
docs/skybox/vienna/brutalityisarhythm.avif,ZqWLcFc2rVG+DXKofHO7tdybRR8=
docs/skybox/vienna/brutalityisarhythm.jpg,elvpGhEJIbDX4QGfUtVwHeZ3L1I=
docs/skybox/vienna/brutalityisarhythm.webp,dxKSRCqq+/h9WZmDp2vv4cY5I2o=
docs/skybox/vienna/bubbles.avif,y1br4I7Dk9un/dpg/rpjtLqJRYY=
docs/skybox/vienna/bubbles.jpg,6DpexLphLyEdj0YoAuKZMBwX9LI=
docs/skybox/vienna/bubbles.webp,0eGuLE1MaiZg+NIEYWGaxLW8qv4=
docs/skybox/vienna/canadianembassy1.avif,sGZrto1gvEZoPVA9IPoSs8YyhBU=
docs/skybox/vienna/canadianembassy1.jpg,zZ6q4eXRV9hxx7Qw/SuTzY4hKvA=
docs/skybox/vienna/canadianembassy1.webp,6MRi3NFm9p4ZljH4XLrn6yql/Ic=
docs/skybox/vienna/canadianembassy2.avif,hbbb7Ve9NZ8u1VYBaee52TQ6idg=
docs/skybox/vienna/canadianembassy2.jpg,XgEkhj2D7q0GsRjYx3uWZwIljH0=
docs/skybox/vienna/canadianembassy2.webp,F51u/Fvk0XuuBKTDUcq4B0kR/pI=
docs/skybox/vienna/canadianembassy3.avif,8THSJQMH7yjWNkcOM/zrD7Lp7P8=
docs/skybox/vienna/canadianembassy3.jpg,B6KEyI7dBI+zp2GNY8Wl6QtypRg=
docs/skybox/vienna/canadianembassy3.webp,LMs3v0Dm4Nk++2pDaxEMmWaRgFQ=
docs/skybox/vienna/canadianembassy4.avif,a0xQ5lO/xOZg2a0NQ2DG0dzGG9Y=
docs/skybox/vienna/canadianembassy4.jpg,Noou4ljhN0druOY1XevIyXM+o9Q=
docs/skybox/vienna/canadianembassy4.webp,dnic1twauYshYj3i6bBGfzd463Q=
docs/skybox/vienna/civa.avif,Uw5zI6opOvFiBMLuuklPc0KYRpE=
docs/skybox/vienna/civa.jpg,I1PMIdTc/UsoamubfHBHGuJRxG4=
docs/skybox/vienna/civa.webp,QCEy7i5U3wo7GPieRj8q4gEFw1o=
docs/skybox/vienna/dachsbau.avif,J1KUzN0rWF0hI7EkqEgUr0bYRYU=
docs/skybox/vienna/dachsbau.jpg,BpO7vmWN1SS3SOldFWYNcCzq2mw=
docs/skybox/vienna/dachsbau.webp,kfpwgZhz595jKy5h37zfwkrJLS4=
docs/skybox/vienna/digitalcloseness.avif,6rzaw3hsoUOeOc69K+r6zbVGL+Y=
docs/skybox/vienna/digitalcloseness.jpg,15zzH+vSjhtDMad7+cxWDHSr838=
docs/skybox/vienna/digitalcloseness.webp,MlRoLwBR8qPWdpSfllodeqnNmBQ=
docs/skybox/vienna/digitalheartbeat.avif,q453zL/E+71B8a4Ou0amjSwTPW4=
docs/skybox/vienna/digitalheartbeat.jpg,DOYo6G/yEqw6a0UFIjn7aaoOUhU=
docs/skybox/vienna/digitalheartbeat.webp,eWV1IQdsopcliUnHuq3kTcxnN1A=
docs/skybox/vienna/dionys.avif,UyirV0cPYVxQgL9e7phu0k4zdwA=
docs/skybox/vienna/dionys.jpg,EfF9azMmOKQVae6FUvAkn7oEiJU=
docs/skybox/vienna/dionys.webp,RwnjgjMR8kNliZaclvP2vPjLgYI=
docs/skybox/vienna/dominance.avif,ruvfkJIuvmbqrrYPuinSR7T5+8c=
docs/skybox/vienna/dominance.jpg,2Taa45PNGbA4tqFagSlIUWW4PJ8=
docs/skybox/vienna/dominance.webp,APJaJW7lpROCR2eLVH9lM/W1aqU=
docs/skybox/vienna/donaukanal.avif,M9KrfLYPVWQ9AZhyt7y4XNYuDYU=
docs/skybox/vienna/donaukanal.jpg,bE1Go/eQVJyKeqwlYB5f74DF+JI=
docs/skybox/vienna/donaukanal.webp,cGL6mJD6S27TerFMoVH4QTvpbyg=
docs/skybox/vienna/doppeldenk.avif,wgK8xLQEGJGqNiFli6ggyeIQ504=
docs/skybox/vienna/doppeldenk.jpg,oIX0QoTPRnTtmYaQoq8VbZdsR3o=
docs/skybox/vienna/doppeldenk.webp,uxBXySOCXKn66WMHOutxnc6pnkU=
docs/skybox/vienna/dornerplatz.avif,RueBkO3ophZipLa8EReROpIxKoE=
docs/skybox/vienna/dornerplatz.jpg,rZ+v36izvEmf9gzrBA4afkYpq6o=
docs/skybox/vienna/dornerplatz.webp,KbeuwQkvN0cQm3WsDMzVweR7Db4=
docs/skybox/vienna/fluesterkonus.avif,i/bTqp4jG/i7mal7NshDDbaKJeU=
docs/skybox/vienna/fluesterkonus.jpg,oHOkT814KKlTyEC5nc6KO53hxCc=
docs/skybox/vienna/fluesterkonus.webp,aJcHNEB0rH99w2sch/YXfCI+VQg=
docs/skybox/vienna/friedensbruecke.avif,R5IBiMXVIa8cbs8/lMApZknwky8=
docs/skybox/vienna/friedensbruecke.jpg,/2yfpwZ7w8WSxAWWJ5sQDSJrYc8=
docs/skybox/vienna/friedensbruecke.webp,O59VIu75VylOjTRdQ1UG736XEy0=
docs/skybox/vienna/garden.avif,pVYmjM2Zx+GDjC/iYtRr3hMaPq0=
docs/skybox/vienna/garden.jpg,EjfMd44QlOiAFTuejnCx3njXmcc=
docs/skybox/vienna/garden.webp,JaSnGgc5yOXctjTPH22QSmWhDD4=
docs/skybox/vienna/heartbreakhotel.avif,J1KUzN0rWF0hI7EkqEgUr0bYRYU=
docs/skybox/vienna/heartbreakhotel.jpg,BpO7vmWN1SS3SOldFWYNcCzq2mw=
docs/skybox/vienna/heartbreakhotel.webp,kfpwgZhz595jKy5h37zfwkrJLS4=
docs/skybox/vienna/hgm/hgm_03.avif,rsThacCQ3Q98WzmJiL6bvoZ30Vk=
docs/skybox/vienna/hgm/hgm_03.jpg,sUD7LvKwW4YmjAeyYR6BUOPaKKw=
docs/skybox/vienna/hgm/hgm_03.webp,k5cFiICCoZLVidbKIzXNYk9+MRw=
docs/skybox/vienna/hgm/hgm_04.avif,tQvhyZUnJgAr3pPPMZDtiITGDUY=
docs/skybox/vienna/hgm/hgm_04.jpg,MnENw+7f64+aP9xB6XRAyu7cUgQ=
docs/skybox/vienna/hgm/hgm_04.webp,BwmC5vQiftXbeZgpaYMBROYP/GI=
docs/skybox/vienna/hgm/hgm_05.avif,ZJZeTpSx4m7nr6S2lWrteZPhGMQ=
docs/skybox/vienna/hgm/hgm_05.jpg,mm5sSMCutDkkwI+HEEcKUUjpzEY=
docs/skybox/vienna/hgm/hgm_05.webp,J0SO+fS/HMxIJCWYNXuPeg8hHL4=
docs/skybox/vienna/hgm/hgm_06.avif,WCdS9DnauB1TXjo7c5ygcj3zwoc=
docs/skybox/vienna/hgm/hgm_06.jpg,EWwVLB/tt3KsOu2qjv1hTcv/8WQ=
docs/skybox/vienna/hgm/hgm_06.webp,u3joMPc/EAIqj1PJwdGUMgIpd14=
docs/skybox/vienna/hgm/hgm_front_09.avif,vHDIkViHWh5JOZLzemHHvj4n3Dk=
docs/skybox/vienna/hgm/hgm_front_09.jpg,QGrcBc6GGZ5tjHRcrCfKYDV5+kc=
docs/skybox/vienna/hgm/hgm_front_09.webp,scoVsIjYADuLaeVR/xu+j0H9pVo=
docs/skybox/vienna/hgm/hgm_front_10.avif,mofZrXvEXFc6RVCJlkFwPaY5GXs=
docs/skybox/vienna/hgm/hgm_front_10.jpg,P+ckv464BS2GPjLutLwGUY+xn40=
docs/skybox/vienna/hgm/hgm_front_10.webp,pGhNbyygdABObKgtp8OnxzCwr/g=
docs/skybox/vienna/hgm/hgm_front_11.avif,9xShuPClG5icR1/h/ZaPAKLiAMo=
docs/skybox/vienna/hgm/hgm_front_11.jpg,yMbzUn0cZmewbcnhuvhg0DyrQCY=
docs/skybox/vienna/hgm/hgm_front_11.webp,OvSEGq1Co+4RlDYoVFL5kcOyRaM=
docs/skybox/vienna/hgm/hgm_front_tunnel_12.avif,0Yj/9OkgGPSU97SzcK1oIgFXA7s=
docs/skybox/vienna/hgm/hgm_front_tunnel_12.jpg,1QBc7LYN1dp4Zx2mGzGwO1XrmRQ=
docs/skybox/vienna/hgm/hgm_front_tunnel_12.webp,LELnAQJ0VTfoqGlEyT+km1+M5qE=
docs/skybox/vienna/hgm/hgm_innenhof_13.avif,WcRBlJjhw1Fq2kfWm39tZwRZX+g=
docs/skybox/vienna/hgm/hgm_innenhof_13.jpg,DnA3hN0tzvmJJ9QnuWzlWjg+wTE=
docs/skybox/vienna/hgm/hgm_innenhof_13.webp,RARz1S/EWDuLb8paiMg/4I+y3+M=
docs/skybox/vienna/hgm/hgm_left_07.avif,+jaubNYSQJZy/Oe887mkBTNOF1A=
docs/skybox/vienna/hgm/hgm_left_07.jpg,PYDA+YU67KCfYMk+rzdj6kvRDtg=
docs/skybox/vienna/hgm/hgm_left_07.webp,EQoQv7Hlv1UYTG2LyJo2aiH3SMg=
docs/skybox/vienna/hgm/hgm_left_08.avif,W3yb9pAZcjg5Z258oHyhEqfOVUs=
docs/skybox/vienna/hgm/hgm_left_08.jpg,WTPqEq/rQn5qAIE58F2j8Z6u5jE=
docs/skybox/vienna/hgm/hgm_left_08.webp,b0qPHA+FDRdJYfCFtcS6HDbJHAo=
docs/skybox/vienna/hgm/hgm_onstreet_14.avif,vxSKLOT3f3xKk1zKDrpzB6kv/AY=
docs/skybox/vienna/hgm/hgm_onstreet_14.jpg,D27I3h597oOgTEZz+iTX8Cn4gmw=
docs/skybox/vienna/hgm/hgm_onstreet_14.webp,Wq6gz4UlAM+Z1oUZmwML1sEKNfw=
docs/skybox/vienna/hgm/hgm_panzerhalle_01.avif,K/JVXenxiGNYhjkBrTXFVhIAaZ4=
docs/skybox/vienna/hgm/hgm_panzerhalle_01.jpg,6tXjHFP2iEr1tPcWY4m1V6YsT0A=
docs/skybox/vienna/hgm/hgm_panzerhalle_01.webp,Kakm5z6ammL05AdTamJZjJs+OUk=
docs/skybox/vienna/hgm/hgm_panzerhalle_02.avif,Y9vM6IyjSsfhV4OKnX+P7NI641U=
docs/skybox/vienna/hgm/hgm_panzerhalle_02.jpg,GjAd8qXELE2idb99x8wEdwS5cjY=
docs/skybox/vienna/hgm/hgm_panzerhalle_02.webp,bHV9gpcEhpOBznUDX2bE1cCSv2o=
docs/skybox/vienna/hgm/hgm_right_15.avif,M4NXDH7qnQvLsuT7Q1hV7scI6cc=
docs/skybox/vienna/hgm/hgm_right_15.jpg,A/f8DS8jJsKyTByhUMu3iy2W7tI=
docs/skybox/vienna/hgm/hgm_right_15.webp,c0TH25Ixtu6cAgs7mNRBuqXHLOs=
docs/skybox/vienna/homunculus.avif,os4V136WMDqWaVPaAhrUBTZhahk=
docs/skybox/vienna/homunculus.jpg,eyjoG3ffGAHgS1EKdji722ohHy0=
docs/skybox/vienna/homunculus.webp,uT4Y9M1+WSFi9ZP1HelFLmeN7P4=
docs/skybox/vienna/hrlitto.avif,A/4dxF7hZdIXFpn3fNux4Vwi/To=
docs/skybox/vienna/hrlitto.jpg,+4YXtmpugZv3Tk1fHWSffoi3kEM=
docs/skybox/vienna/hrlitto.webp,6fwgOiP5UK2UqvTHQdUH+mmEQhk=
docs/skybox/vienna/hrlitto_dark.avif,bkuRTeh/mUYSzdWmg2cBFamXv24=
docs/skybox/vienna/hrlitto_dark.jpg,OWrGolN1RWgILBVzDC024e5annU=
docs/skybox/vienna/hrlitto_dark.webp,Rw4WwNf/YY5D6QmlW5tATlecqNE=
docs/skybox/vienna/hypercubexr.avif,7R6DrA413ekDtiO3FBVU2qNgfIs=
docs/skybox/vienna/hypercubexr.jpg,e+sc+cxLpM8/Sa/hCx7akdu/WhI=
docs/skybox/vienna/hypercubexr.webp,sKf95tNt3FH7lXSiZN/LbCtTPZU=
docs/skybox/vienna/koer.avif,cLoJ3jEVYAUjFJwTxMm+JazXlpU=
docs/skybox/vienna/koer.jpg,vgfWyMFFWaXpPYY00rjNsSKJRqw=
docs/skybox/vienna/koer.webp,gVo+fmAEFo5/9yL4UdKMvKVmRdo=
docs/skybox/vienna/kongressbad_01.avif,ofvPWesnOFJcT96u3wEUKyNWJpE=
docs/skybox/vienna/kongressbad_01.jpg,qcI5grzfQ5x046lkI1wcevWugFg=
docs/skybox/vienna/kongressbad_01.webp,1+yfW3EIVyqeQq0+QZi25vs5ZkM=
docs/skybox/vienna/kongressbad_02.avif,ySiTvCIHZVs8Fqz0AiivJoL5TUI=
docs/skybox/vienna/kongressbad_02.jpg,z/Dt0JGNyWpVZjBT/L+MIKlJCwQ=
docs/skybox/vienna/kongressbad_02.webp,MpLe092/o3VBLpSs8f+g5rhENU8=
docs/skybox/vienna/kongressbad_03.avif,MpCmEAwJxqEQ1BAkC/JLoSoff48=
docs/skybox/vienna/kongressbad_03.jpg,WbjBTnUQUKAOfW84iUbTdxtD4Mw=
docs/skybox/vienna/kongressbad_03.webp,ujwFiysi3oejl6XYmxZO1oMdkzY=
docs/skybox/vienna/kongressbad_04.avif,n0Q0dTBHS20QUUf0ZgiPW0WcF+U=
docs/skybox/vienna/kongressbad_04.jpg,ZP7rljTavw9BT6dLsu5HG45/0Dk=
docs/skybox/vienna/kongressbad_04.webp,WCXzRSjLyTSCU4zk2VUDyIIj8UE=
docs/skybox/vienna/kongressbad_05_01.avif,2zGfl2w+hjz0ARL9CECrqlBKMiQ=
docs/skybox/vienna/kongressbad_05_01.jpg,p3efj5aSSZ3tpIwyXVTlksNsoiY=
docs/skybox/vienna/kongressbad_05_01.webp,9CJWgn4fzicUzdzWSu5lA+hsYzc=
docs/skybox/vienna/kongressbad_05_02.avif,IQRsecg9g/9eXks6Nd+VogILPSo=
docs/skybox/vienna/kongressbad_05_02.jpg,xQTDNRfh2woTmxqKx97N3mhiHQ8=
docs/skybox/vienna/kongressbad_05_02.webp,/WtYXaEIJixmIRq5PPV5/no/Jlg=
docs/skybox/vienna/leerraumchemnitz.avif,fJHRhEr3XSN0ppFWQ8IVAlFlBeM=
docs/skybox/vienna/leerraumchemnitz.jpg,8ftB6b4AUkVTCOKxJdIA2pll+n8=
docs/skybox/vienna/leerraumchemnitz.webp,2n/1AOZCUJI8B9l72VyB5ndJx78=
docs/skybox/vienna/leerraumkunstbogen.avif,t+04OeCoDkzH8F6xl1BAKRLFqMY=
docs/skybox/vienna/leerraumkunstbogen.jpg,Jv29w7MyBPedkPLTCh3hDViYu+k=
docs/skybox/vienna/leerraumkunstbogen.webp,1YyAmY6yOFt6765Pd1c1siAQW24=
docs/skybox/vienna/leerraumlandestelle.avif,ecoURNTGE7I5G92hU/4OU/sX3LI=
docs/skybox/vienna/leerraumlandestelle.jpg,rk7UXeDHcZ782JR2BuV5AfBVDro=
docs/skybox/vienna/leerraumlandestelle.webp,rYEV1nYOIAe+D1+jL7N04KWSZBQ=
docs/skybox/vienna/marxhalle.avif,GLAPymDNgJGg4a06zU2RVOvumKs=
docs/skybox/vienna/marxhalle.jpg,hdgN3OaFDrt5nUq3ZMgiLPn1OIw=
docs/skybox/vienna/marxhalle.webp,mVFJz4ZnjeZz90Wr4EOUgki9i9o=
docs/skybox/vienna/metavermin.avif,Rxa8vknl6ohxwc3VsyL/zpnXJaE=
docs/skybox/vienna/metavermin.jpg,imQtZ6QQ6iHlJznTCP4PEY44aYY=
docs/skybox/vienna/metavermin.webp,xdXCcbLzYSQ532TzRXlc7cc13rs=
docs/skybox/vienna/metzgereimops.avif,tvmXCSbG69oXURWRx3Gt3jORSn0=
docs/skybox/vienna/metzgereimops.jpg,BgqH4YjhzWJQqQfj0SOcXN5k64M=
docs/skybox/vienna/metzgereimops.webp,L0U7TW6qD76QkKUqawDV+hKbAMM=
docs/skybox/vienna/modul.avif,jSQBNfs+kr4Rv3zrs58Qj4NDpPM=
docs/skybox/vienna/modul.jpg,HJwpWV5E7Exnps9OXPuN5bRPzCI=
docs/skybox/vienna/modul.webp,HWmRUkI3t1dsAnNEu8+UTLl7y6o=
docs/skybox/vienna/mq.avif,w3eiP8bcxDsjSdN+jV1TI7ycY1c=
docs/skybox/vienna/mq.jpg,yI+DFYIFL1gRlPkXFTfWo6A1WrI=
docs/skybox/vienna/mq.webp,HDsHXL87l1etTomk+icdKuW3iTA=
docs/skybox/vienna/mq_becken.avif,G6xapDV35lKdxdAEG3QwPyowt50=
docs/skybox/vienna/mq_becken.jpg,9X1HDvUxKGWvSEEIeYQ6h4b1vu0=
docs/skybox/vienna/mq_becken.webp,Yx1ziRrJGwlJ02Fa2IYgsB428ZE=
docs/skybox/vienna/mq_entrance.avif,wXdic+hDmPseYpC5TO5e5mSXrbM=
docs/skybox/vienna/mq_entrance.jpg,Cs1xFMQXML5qhSbW0Fwnq2ra0pk=
docs/skybox/vienna/mq_entrance.webp,jUBpHnA2vqkdPj2ZUhjgAQh1rz4=
docs/skybox/vienna/mq_front.avif,pwVcwV8p2nB3QRzYiRPTgEfFEpw=
docs/skybox/vienna/mq_front.jpg,sgydgM5AbADdCtKPdEpb36kueZY=
docs/skybox/vienna/mq_front.webp,81zagpojsI34fom79bToJN6wDww=
docs/skybox/vienna/mq_hallee.avif,Yn/vunCjbXpWerGJGCjz1BFjnK0=
docs/skybox/vienna/mq_hallee.jpg,i28sPBwckZDpflGneH52lZ1qE0E=
docs/skybox/vienna/mq_hallee.webp,kooJTpOnJ2tUJTEErrXTEhMf0M4=
docs/skybox/vienna/mq_hof4.avif,D51oQXUoa1yJMTIzo13s1dDYyw8=
docs/skybox/vienna/mq_hof4.jpg,KyJVBkxjRrenJqf3gLl07KwmBm4=
docs/skybox/vienna/mq_hof4.webp,QxN+UIHccqEe9smKIFfDbpq01xo=
docs/skybox/vienna/mq_hof5.avif,ertP9t3vs/XsODH2HtuhGZsL77c=
docs/skybox/vienna/mq_hof5.jpg,t+ffguXfdiTqhK+fPDg/FTnFFjE=
docs/skybox/vienna/mq_hof5.webp,Nr0wTVh5BrPB3uc3vlJIdDquiwI=
docs/skybox/vienna/mq_hof8.avif,AIpHqOYxVojRRlhnihMPtptALxg=
docs/skybox/vienna/mq_hof8.jpg,zq6+Ypoic9mY/4tOKPYBOpyYjhs=
docs/skybox/vienna/mq_hof8.webp,0kEf2/X2FmB+OYLWpeqMPo7wT2E=
docs/skybox/vienna/mq_hof_burggasse.avif,K+SOz9XdC+gRsfKGazRaAJTxD4M=
docs/skybox/vienna/mq_hof_burggasse.jpg,fp0CwbubJWJWeziLf6VQ69w6nxY=
docs/skybox/vienna/mq_hof_burggasse.webp,LpOQ3l/cW7STuxDEP5+0PDNzGs8=
docs/skybox/vienna/mq_leopold.avif,eBYCPyFoEywaGMFqcb/SI6SaKh8=
docs/skybox/vienna/mq_leopold.jpg,4F7Iyh6EKATT3uQ4FNClNYhLQY4=
docs/skybox/vienna/mq_leopold.webp,FLTL2xEkkfzqm+U/1hrrZkYmOx8=
docs/skybox/vienna/mq_mumok.avif,CIY2JzLnE5I5kOAPT1TDqAj07W0=
docs/skybox/vienna/mq_mumok.jpg,Qgwjk2MXYlRqJimMZWOVIiTEkQM=
docs/skybox/vienna/mq_mumok.webp,BLDnG+wu1vN/Q3edmidYNiEEh1M=
docs/skybox/vienna/narrenturm.avif,6ILBTc6st6UkeSfmM3+wNmjkTSM=
docs/skybox/vienna/narrenturm.jpg,+3OnsbH5rPEH0KAssfAq6edkc/k=
docs/skybox/vienna/narrenturm.webp,cVCk+jZS6pc3A/FVQ555KdeJhn0=
docs/skybox/vienna/oper.avif,Ivhu0NLgv7kiwbvv66vPeex5B6Q=
docs/skybox/vienna/oper.jpg,IfmSXqtXxO1wdmWOckiI6bi3XcY=
docs/skybox/vienna/oper.webp,c6OLNIA0viSvV43+4ARXlyWFypk=
docs/skybox/vienna/parlament.avif,Rxa8vknl6ohxwc3VsyL/zpnXJaE=
docs/skybox/vienna/parlament.jpg,imQtZ6QQ6iHlJznTCP4PEY44aYY=
docs/skybox/vienna/parlament.webp,xdXCcbLzYSQ532TzRXlc7cc13rs=
docs/skybox/vienna/platzdermenschenrechte.avif,MfLQUfzEsgSIPoeMgnrBdE77iCQ=
docs/skybox/vienna/platzdermenschenrechte.jpg,k5SjQ1LDRwW0Xz2hgSI0YmedTpQ=
docs/skybox/vienna/platzdermenschenrechte.webp,r6nyT0NK6860BYgh1hFhaEMjJdQ=
docs/skybox/vienna/plushification_01.avif,nlYm4U9QUuOJufzEHzSK6DgZf78=
docs/skybox/vienna/plushification_01.jpg,6b06AA3WkSqeWANiHePpCnpdBck=
docs/skybox/vienna/plushification_01.webp,efoGeg35zeZjoRHd/8vYM3F61iY=
docs/skybox/vienna/plushification_02.avif,ADfXySSIddnJu+p/OlwTJ2RCXLk=
docs/skybox/vienna/plushification_02.jpg,a7n01zxg6HR6YUwZKbvO/M5g/Zo=
docs/skybox/vienna/plushification_02.webp,yFpaiThudroxpa60p8fywr+rbPA=
docs/skybox/vienna/praterwiese.avif,+IbBFbWtQDJp0eoRf9le9Fygfng=
docs/skybox/vienna/praterwiese.jpg,rzd6KgzweTKhnhX/7ziXB/oB/Xc=
docs/skybox/vienna/praterwiese.webp,XfAvD4BhLLjDXaUzxZjg+MK/ZWU=
docs/skybox/vienna/preserved.avif,BdUv0hv1COLPDp1wy45iyy7kTfg=
docs/skybox/vienna/preserved.jpg,vZwwgMaf6GAwPj8o75VTYyAUSB4=
docs/skybox/vienna/preserved.webp,GSH2n7anYbId7SVF+A0jaCqB3yw=
docs/skybox/vienna/psk-kassenhalle.avif,AyN8M5OkcCXviwNyfRpxRfHT4ik=
docs/skybox/vienna/psk-kassenhalle.jpg,E0aTPAZ37XUnB63iWzSBvFdnTjc=
docs/skybox/vienna/psk-kassenhalle.webp,DSTcJGqJfTIqPbW63XC0kEI5QwM=
docs/skybox/vienna/roomtour.avif,g+hRGcOut3cGH7+t154Fap4MYBM=
docs/skybox/vienna/roomtour.jpg,t2i+Rv0D3TD29d6bXxgvYlZLB0s=
docs/skybox/vienna/roomtour.webp,uETx7jaAPWlGRBDs0W5giqTwPBQ=
docs/skybox/vienna/rotenloewengasse.avif,ZDS7dzLaKDuGLXNSmeYOjPPUbVA=
docs/skybox/vienna/rotenloewengasse.jpg,eE/wWb5FLbhxk/sQQTu/gqJm11c=
docs/skybox/vienna/rotenloewengasse.webp,75RvoWDYo80UhsSlBSFCp3rNZYE=
docs/skybox/vienna/salztorbruecke.avif,16bKWXBgeHP1aNleDXV4iKx6G4A=
docs/skybox/vienna/salztorbruecke.jpg,yKaNs1RtxBLENVoJiqIiFMPuly4=
docs/skybox/vienna/salztorbruecke.webp,1RPBgwy+XoaPnhXY4BlEfNOuPqk=
docs/skybox/vienna/sandkasten.avif,n79XcyvvPGL0OM1Oe3rJ3JO/T1I=
docs/skybox/vienna/sandkasten.jpg,SnuzPcXKZH2kj9a7dl2n8uXYNrA=
docs/skybox/vienna/sandkasten.webp,/6qsqzWT5NrOGgYNqdph/SPoTEI=
docs/skybox/vienna/sandkastensyndikat.avif,rdBvBvpDMya/0YRF4fbDEeR2QrU=
docs/skybox/vienna/sandkastensyndikat.jpg,N8UBuU7HJWJumZaFZgnoRNwxsiQ=
docs/skybox/vienna/sandkastensyndikat.webp,VAeTkY4JxRZEHExRU1Oq/8TWcbo=
docs/skybox/vienna/setzkasten.avif,wtXCTUzcDMfqLoSdSuDPPNGQ/EQ=
docs/skybox/vienna/setzkasten.jpg,e+AzaSlQSr1yyN3xKsmCxHJ2Ego=
docs/skybox/vienna/setzkasten.webp,C0PuIMKOWQBQZH9DkPMwxBVobRI=
docs/skybox/vienna/sezession.avif,e/fbVXkPzcXJssFbGzrJdxrnB9I=
docs/skybox/vienna/sezession.jpg,qn2eZhACBYR1KWFp2OrKKjzHzhk=
docs/skybox/vienna/sezession.webp,SrKugQX2aVz1ev1lQpuoQEBuwlQ=
docs/skybox/vienna/stadtlandfluss.avif,D8CrNxC8+frzV4SeFabNRu70VDQ=
docs/skybox/vienna/stadtlandfluss.jpg,60S/98lCMbyls2/w4m80QLwk9wQ=
docs/skybox/vienna/stadtlandfluss.webp,mbohIM7Pt+iZQkeS0jKtaaEaPyo=
docs/skybox/vienna/stephansdom.avif,KZuDP7qwXRzRQKvFSNm0IGvFxFk=
docs/skybox/vienna/stephansdom.jpg,sQGVPqiW5eYi3iuiU+qHdInSNb8=
docs/skybox/vienna/stephansdom.webp,xaBKWJH9oezuri10g4MH9QXeIYk=
docs/skybox/vienna/stephansdom_back.avif,hv+AdnGi+ZKafrfWdb7i8Mor84o=
docs/skybox/vienna/stephansdom_back.jpg,TtRNJGE7L8XTAECypp+ewe8ROno=
docs/skybox/vienna/stephansdom_back.webp,5NcuSXcpQARplZFjPXSEBFblgxY=
docs/skybox/vienna/system.avif,w3eiP8bcxDsjSdN+jV1TI7ycY1c=
docs/skybox/vienna/system.jpg,yI+DFYIFL1gRlPkXFTfWo6A1WrI=
docs/skybox/vienna/system.webp,HDsHXL87l1etTomk+icdKuW3iTA=
docs/skybox/vienna/systemeundmenschen.avif,RO/b/B17q1sHHpo4RHcSfTC+GXc=
docs/skybox/vienna/systemeundmenschen.jpg,sz0VlbfhkJjaiZtbTlCWQmNOtZw=
docs/skybox/vienna/systemeundmenschen.webp,H9GNzIOKfSu6OToR7LGzM8N/ZH0=
docs/skybox/vienna/teratoma.avif,kXqxZ35mmfBwRG5mZ0b2znia+Do=
docs/skybox/vienna/teratoma.jpg,fgBycJl60yh0upzwQo+1njY58ZA=
docs/skybox/vienna/teratoma.webp,awWJ25jvzY1hPOMax6XMCsL1oSA=
docs/skybox/vienna/theothercatseyemarble.avif,q3T7w7yOjUQzykUP5EpsWf2dxnk=
docs/skybox/vienna/theothercatseyemarble.jpg,a9+l3EuqMYulGzIaaWLBKNW6QDI=
docs/skybox/vienna/theothercatseyemarble.webp,cGq2i/5YnWIQhhzhu4U0WDZeotI=
docs/skybox/vienna/theothercatseyemarble2.avif,4O5RzmHxGQbFy5C+0Ve0gamcXAo=
docs/skybox/vienna/theothercatseyemarble2.jpg,DhPXTJ7S3XmxVax+HpyaikGze68=
docs/skybox/vienna/theothercatseyemarble2.webp,uAURcSVUxkxqQOm3sOVA1ifG9P8=
docs/skybox/vienna/thesystemgarden.avif,U7B2Befdz/viU0pl7olt/UqE3pc=
docs/skybox/vienna/thesystemgarden.jpg,96VGMHIBkyLY45ZvtA25iIeOgTQ=
docs/skybox/vienna/thesystemgarden.webp,7YFsa/aZ4BWfZeNu+6juSeoCq9c=
docs/skybox/vienna/thewound.avif,GDLgsjE5tVw3uqKDzQmal22Gjks=
docs/skybox/vienna/thewound.jpg,/B6b2yGqwmmd2hcgHkwrnBjMcEQ=
docs/skybox/vienna/thewound.webp,IKW+1CsUotob18u66Qx/A/eAxaQ=
docs/skybox/vienna/trophyoftheravenoushunter.avif,0A2bIQOuuV9C9DwWQLUj3eQ71wI=
docs/skybox/vienna/trophyoftheravenoushunter.jpg,ghDFy5J4sN4N6UTK8vMp4bAh5SM=
docs/skybox/vienna/trophyoftheravenoushunter.webp,4qYX6XC6C+XZNRi8KKm8xiHhG/w=
docs/skybox/vienna/tuerkisrosalilavilla.avif,ZNkhFsW7/Tv/IKow72PBYecwyio=
docs/skybox/vienna/tuerkisrosalilavilla.jpg,P8c/aekkFd5HIm25J7b61J6jeNQ=
docs/skybox/vienna/tuerkisrosalilavilla.webp,jajebSYZnhpE+rifZ21hO/jRgTo=
docs/skybox/vienna/ususamwasser.avif,OM4c/hGH8wSCXwLbZMgQYRdqSD0=
docs/skybox/vienna/ususamwasser.jpg,MfdG2WjFFWM5cnRSIQGQFLzFjtY=
docs/skybox/vienna/ususamwasser.webp,qqma8h8uTk1qMqewvbiyzCoj6HA=
docs/skybox/vienna/villaschapira.avif,FISyTmoYfe1DwLsFmFCE7XXCevI=
docs/skybox/vienna/villaschapira.jpg,3+3IDHF+8iBSDNTLusCx0hu5b1Q=
docs/skybox/vienna/villaschapira.webp,toojO3Kz86WN21RMDP9a6JbqEME=
docs/skybox/vienna/wald_iii.avif,JGj9KdtaqBDeoLKiYSr78NKX0fc=
docs/skybox/vienna/wald_iii.jpg,2x8nmOYAEzMEFln1uDaFaZjjWKw=
docs/skybox/vienna/wald_iii.webp,xbwXaF3cBCt10xeIFbCJ8c4RScA=
docs/skybox/vienna/wefaroom.avif,hqgYI4kFzXS9rkXXia0pbxeJf0s=
docs/skybox/vienna/wefaroom.jpg,DbGShFRT5yQhbEwATzX7i7naGgc=
docs/skybox/vienna/wefaroom.webp,fhiToL2MBikCyw8iyxZ75mc9zYA=
docs/skybox/vienna/wherebloodrunsgreen.avif,iiRqB3oP1zQJTj2IxRdnhcf8Hrc=
docs/skybox/vienna/wherebloodrunsgreen.jpg,Qh1OBMGhHahDqio3xVZczLZpbdc=
docs/skybox/vienna/wherebloodrunsgreen.webp,Pyklmomq66QtqC0CExZqZRfPI04=
docs/skybox/vienna/wiese_i.avif,jlKIXCUhwkEtay+zikTtNBuNoq8=
docs/skybox/vienna/wiese_i.jpg,JH/QSN4LStQdUp1UjOvKsx632P4=
docs/skybox/vienna/wiese_i.webp,hiOH5qdt3bvwQ4GQjB3GVohAw8I=
docs/skybox/vienna/wiese_v.avif,hvpp1BbZShz24ldZVX46NJps0LY=
docs/skybox/vienna/wiese_v.jpg,t3L1gWAjlsAswdH1fmE/t5eFd1o=
docs/skybox/vienna/wiese_v.webp,s4I5rwFXD8x7F/a6kPtzRsvs/n4=
docs/skybox/vienna/wiredtimes.avif,CoOwWfAJy/SFXP09DkWNyQORJlk=
docs/skybox/vienna/wiredtimes.jpg,x2m1Xm5QL6u0F2otDIz/2pJpyJg=
docs/skybox/vienna/wiredtimes.webp,2jXz9Oq6jZUelxEPdUGrnvhuxh0=
docs/skybox/vienna/work.avif,ddFsSjMXgWatdB39zH75tOqRnio=
docs/skybox/vienna/work.jpg,st/Q5Mq17blwvj2gYeBQyo674Mc=
docs/skybox/vienna/work.webp,tnSDr80TmLpcR5krDNozAElEBmo=
docs/skybox/vienna/xarshyperobject.avif,xXMGo2XwBqn+8J/Z80Br/W3Nucw=
docs/skybox/vienna/xarshyperobject.jpg,orofPlJ5kPYg7tH/N5sCtnYMowA=
docs/skybox/vienna/xarshyperobject.webp,gmgOAnr8apF6aLuhm0MF8easj60=
docs/skybox/vienna/yourfutureissetinstone.avif,Ysy3/ayblO/zxTmerufyV9+K0J0=
docs/skybox/vienna/yourfutureissetinstone.jpg,DZf+El6NGx4R0gAuPai1PsKprZs=
docs/skybox/vienna/yourfutureissetinstone.webp,O3mhgdAHxmgAyxy/IRldTb3IvuM=
docs/skybox/vienna/yuki.avif,bWO4ZGTRdSsjeVDG3Bx2nC30D3Q=
docs/skybox/vienna/yuki.jpg,n4DLM+cVfUNxcR2vJLBtTEnGtzY=
docs/skybox/vienna/yuki.webp,6nrdbpsTs1OEFGbMeuzs6LyFYPg=
docs/skybox/vienna/zenit.avif,RmiJR+F3mZfvNUZHPv/h5hgSzec=
docs/skybox/vienna/zenit.jpg,BJ++EvTsHzuKkir4M/Yd1geaNk8=
docs/skybox/vienna/zenit.webp,V/ynLeeAxF8Hz7r4CCpSS8RBWdo=
docs/software/blender.avif,fyOuw9LLRwh3+Bkr99AmFOTrvs4=
docs/software/blender.png,wsL73O4xmFvn/5HWcNsn28Jn44U=
docs/software/blender.webp,z776lcjAJREjGL39Tj1oF4wIVd8=
docs/software/grundstein.avif,QX1DjVgNbdBewxt0GvU1wAK5oLg=
docs/software/grundstein.png,g2jV7km+ihkbTbHmIlOoGFY9WoQ=
docs/software/grundstein.webp,7V+Yua1yElNyHFboQ/bacEAO1MU=
docs/software/leaflet.avif,JIMnlhRXmSPINphclUsqwy18vJk=
docs/software/leaflet.png,kDK6V34A1BoDei0i4fxF+pPFC1A=
docs/software/leaflet.webp,4Nt5QBI2xcKWX188KNVj0ol/ztU=
docs/software/osm.avif,xfMFQhWOmgLbXvmo3xqVFhOiOpQ=
docs/software/osm.png,DOWClakptgB1lFh4VgD0kdcOlqE=
docs/software/osm.webp,SyWYB/CDfftTw/lwF09VMQSIJ48=
docs/software/pug.avif,NmM9V0WXylLgbivYzmmWgZTG07E=
docs/software/pug.png,GlLPsZ/XcZwYAXhvghyTpjZg9x8=
docs/software/pug.webp,BcS2PSYsyt4BFrECHrhadf1HCTQ=
docs/software/record3d.avif,LAnMSrdE3s/LPg0g6QoEVYIfNfM=
docs/software/record3d.png,ogOXoYQ1mqzM7zMueeWVOEJ4Myc=
docs/software/record3d.webp,z+p/e8sXZF0oY8Q8h9KtntTVQs4=
docs/software/sharp.avif,7QwlL0276ZX64gOypI//qiLWzNY=
docs/software/sharp.png,LSB4XV1pxLGHh9ZGz2DL72ZOsiQ=
docs/software/sharp.webp,qxTiJrz7DCzFFeSK2F5O7Pd0als=
docs/software/stamen.avif,Sc2lVvAOhRgPE8zNeADgsw1yhes=
docs/software/stamen.png,AN9Y6LUI+eTPl/bCDDe1wXucHHE=
docs/software/stamen.webp,TAxl+Z2tejV6aiWoUYkbKkDJ1IY=
docs/software/threejs.avif,sxsfkNzjKqFdZLQ0xCi3H8b5VeA=
docs/software/threejs.png,XLraXCcrdMTobMbhKbB7qpC+vBw=
docs/software/threejs.webp,ZVneVgZkjhCdpsCGXxhwY91J0+Q=
docs/support/koer-red.svg,2mw17JzSrpXReGpmKaQLc14PrJA=
docs/support/koer.jpg,7cA7nzJAheT95vQBUvTjgsdrvt0=
docs/support/koer.png,m1+ss44zV1vT/kvJN6VzgyazWyg=
docs/support/koer.svg,/cfMLY2qX2NOwbEw1LsfCrD05Wc=
docs/support/koer.webp,vxFSTgO5br+jwgz2Jwj8zr2P7HE=
docs/support/magic.svg,wfw4+c3eq+rCnpQsvxuew+jefuM=
docs/support/ottakring-kultur.jpg,DcFWcMG+SNBB82XMQWvW8/zOdL8=
docs/support/ottakring-kultur.webp,tQ7Fv+4NyK+dEWG67/4FBpjgemo=
docs/support/ottakring-wappen.jpg,ETg4e4bSwHvPFKxmxPAjzE6Gguk=
docs/support/ottakring-wappen.webp,2UeT6nwbeYpCwzAqZfACS4UF7Uw=
docs/support/petmanfoundation.png,UAQRVphaKZ38EQCu4yvNMvntR8o=
docs/support/petmanfoundation.webp,ka7q0lf+/qBpvf2TjHlp52TZbeE=
docs/support/wien-kultur.jpg,FD1SbCAoh75NxF8pJt3sXggOCRc=
docs/support/wien-kultur.svg,luPR//tbdfpZANj1GXXdLG0pj9Q=
docs/support/wien-kultur.webp,14W/IZElIUaQrzms7TRoJlTEiB4=
docs/support/wienkultur.png,FPmUd3ns+0zkkMKk4XOS6vApeJQ=
docs/support/wienkultur.webp,3GlwSjAhhECQO8+FLbJ4mqUXJGg=
docs/support/wirtschaftsagenturwien.png,Rd1ivpEkBCRZCRCh0J9dJkfLdCE=
docs/support/wirtschaftsagenturwien.webp,MFQ14Ot05ww05zv9iHQCoeEeYKA=
docs/team/jascha.avif,NR83oUpJn8iMYLLBpAhRkzE5Xmc=
docs/team/jascha.jpg,1Z7k52i8PCoPMesOhtLgrIPHeo0=
docs/team/jascha.webp,YOMgn9z/y/IiNzv5i2fgkrOHLnM=
docs/team/klaus.avif,Sd8e35gvA2u2thmXsskHaHJIl8M=
docs/team/klaus.jpg,QAu314eawhAHSCEFITIT9czicgg=
docs/team/klaus.webp,5JBd12KtdD/7Cw+XnQ/E3TWYDM4=
docs/team/litto.avif,PU5QQ+JMt7/3wOftt/y5rwx0tG8=
docs/team/litto.jpg,LD1nO48Bn2Vz12pjFAfZZzZ12wQ=
docs/team/litto.webp,IevLh7SrhHv2WI9llGGyvFJaSzI=
docs/textures/fakemirror/drueberfahrn/drueberfahrn_1.avif,gRcQJFKsKSYExql8qqQPHwcb4l8=
docs/textures/fakemirror/drueberfahrn/drueberfahrn_1.jpg,ZOdujbTTnuxzfqUOKBpCjVVEBcM=
docs/textures/fakemirror/drueberfahrn/drueberfahrn_1.webp,o6lRcNP66J4VWZjfoBxHwcZ/oEk=
docs/textures/fakemirror/drueberfahrn/drueberfahrn_2.avif,s7Hw5qPcIX9h2SG9HFg0s4p9thE=
docs/textures/fakemirror/drueberfahrn/drueberfahrn_2.jpg,xTQkrDnSPiDlFFuHINQHF+GBRo8=
docs/textures/fakemirror/drueberfahrn/drueberfahrn_2.webp,m+cppUuHwnXG0XuFj2yM8DuZB4o=
docs/textures/fakemirror/drueberfahrn/drueberfahrn_3.avif,I8ziMyQa3CgVV3X8YoC/T0ud03I=
docs/textures/fakemirror/drueberfahrn/drueberfahrn_3.jpg,l06yei1VI/R6SQQsFZrDB80stq8=
docs/textures/fakemirror/drueberfahrn/drueberfahrn_3.webp,gAPboUB/UYioA4igT59ewfAByhg=
docs/textures/fakemirror/drueberfahrn/drueberfahrn_4.avif,ENrJ1U6Mo0vB1iXss4ilok58Tlg=
docs/textures/fakemirror/drueberfahrn/drueberfahrn_4.jpg,ro+YxyFL7WOb80uPqZO312Oik7c=
docs/textures/fakemirror/drueberfahrn/drueberfahrn_4.webp,pU0fgDxEQ8EKWlJQP7PqCAC61g8=
docs/textures/matcap/gold1.png,6D/xb2YP3MmHdChqeY5CQdTX4vs=
docs/textures/matcap/gold1.webp,eNBATJu6KCPxGMX4Tm3MsJ4YK2M=
docs/textures/matcap/gold2.png,0GjhoodU6vsmSy6C2aGmNgUtszk=
docs/textures/matcap/gold2.webp,vjdlok+Rou3x6smF4pvZLu4fmfs=
docs/textures/matcap/grey-white-light.avif,bWQK3WH/qHEtZcO3i5g/7LvbcUw=
docs/textures/matcap/grey-white-light.jpg,WAJdmv4G9A3PJvzdIII1+1GXhTE=
docs/textures/matcap/grey-white-light.webp,U0+yIXlLFGFNul/Q1Roj6pOJwFE=
docs/textures/matcap/grey-white.avif,cl5qRB61kp6WuGHlIv46zqiWIvA=
docs/textures/matcap/grey-white.jpg,7AxF8lcoJ21BIyp13LwUEFcjQqs=
docs/textures/matcap/grey-white.webp,KWG8Fv/SkdkYsUxmf/KspKUuCxs=
docs/textures/matcap/snowflake.png,BaKzRM3YE/TNATHLuWySdx47n80=
docs/textures/matcap/snowflake.webp,wybCnlLd0a7zDgFTR+cXIooI2yw=
docs/textures/ocean/oceannormals1.avif,BmtYWv8qd1/8niGDVlKg0I2KOvs=
docs/textures/ocean/oceannormals1.jpg,r9oCpGLes58PDu8gTg9E8g1CqEA=
docs/textures/ocean/oceannormals1.webp,d6aZFlHQiD+HuqvLMmzCY4J6Wcc=
docs/textures/spheres/cube.jpg,gSLbsqARWPTDu5Kb2KkcHkqEr3o=
docs/textures/spheres/cube.webp,FrhA7BsNcvyU211Hu2IWEEKgNdo=
docs/textures/spheres/heartbreakhotel.jpg,t18xqSuAhwuJBUK26PVaUrGun2c=
docs/textures/spheres/heartbreakhotel.webp,TkoMfTiJ7/Wxgj/kqG1HBK5H76A=
docs/textures/spheres/hrlitto.jpg,gSLbsqARWPTDu5Kb2KkcHkqEr3o=
docs/textures/spheres/hrlitto.webp,FrhA7BsNcvyU211Hu2IWEEKgNdo=
docs/textures/spheres/sky.jpg,gSLbsqARWPTDu5Kb2KkcHkqEr3o=
docs/textures/spheres/sky.webp,FrhA7BsNcvyU211Hu2IWEEKgNdo=
docs/textures/spheres/smallcube.jpg,gSLbsqARWPTDu5Kb2KkcHkqEr3o=
docs/textures/spheres/smallcube.webp,FrhA7BsNcvyU211Hu2IWEEKgNdo=
docs/textures/waterplane/cloud_1.avif,C1iMTxPf14pDFKcRkgA1hlvLlVw=
docs/textures/waterplane/cloud_1.png,UIHmzz9zDq8Tw03qdZ3+XPCUPFs=
docs/textures/waterplane/cloud_1.webp,PCRHylJxJZ2lUFnVJ+EkwuBS9qw=
docs/textures/waterplane/water_1.avif,1S8WzXHmxFtxQ4OuLH0vnPDUUVc=
docs/textures/waterplane/water_1.jpg,g9ZARgX3jDkc5sAiuU0gFNvh03g=
docs/textures/waterplane/water_1.webp,t7RnuXwq8ccixTF5kJN9k3MXqU0=
docs/three/audio.svg,uttW0Y9Jc30q1qgEWvHZtET821M=
docs/three/camera.svg,HwFTi0F9UmfFwPOQm45MpzQPplY=
docs/three/exit.svg,PuZqqWl1zD8PLCQRJ0VJAj/QHcY=
docs/three/reposition.svg,rLCNC+0MfwkFW7fd89l8MCvFNWw=
docs/three/search_floor.svg,e2ICK1tYG4WsdxUdQsBVirXeuxk=
docs/three/search_lights.svg,XRjaaiFNjL3kVzNPwi5BKF4/sdQ=
docs/three/swipe.svg,Xe44C5v0mofW1EJzTHmIz1UA7TI=
docs/three/toggle-menu.svg,akhYfqiBuA543w3BI/CSrytRQxo=
docs/video/defragmentation/defragmentation.m4v,LdE0ZK9D0xPBHyIZfRJ6LW0ac8U=
docs/video/defragmentation/defragmentation.mp4,59ZEH41DMshpz1B3twjUEWPMp/w=
docs/video/defragmentation/defragmentation.webm,zt+KLwyzoAhVg2SR7F+d6G2i8NQ=
docs/video/doppeldenk/doppeldenk.m4v,HST3jHrmFRrTCONZd2F5vipExik=
docs/video/doppeldenk/doppeldenk.mp4,3CDcbNlXOrcugny40FYrQS7Dwl4=
docs/video/doppeldenk/doppeldenk.webm,b10W8w/TiiolrCmAAOUOPSxwWU0=
docs/video/fakemirror/fakemirror.m4v,QVZuif43mN3gZUz/mnxAGR7+FUU=
docs/video/fakemirror/fakemirror.mp4,J+6FFafM/4zzrSBKI4qyRoMUEjw=
docs/video/fakemirror/fakemirror.webm,xofRKV+5ARx5pi2IQIYDzDJ8GQY=
docs/video/hrlitto/hrlitto.m4v,QVZuif43mN3gZUz/mnxAGR7+FUU=
docs/video/hrlitto/hrlitto.mp4,J+6FFafM/4zzrSBKI4qyRoMUEjw=
docs/video/hrlitto/hrlitto.webm,xofRKV+5ARx5pi2IQIYDzDJ8GQY=
docs/video/pointcloud/work/work.m4v,eSOTqb/7bHgn77iIkweR97kf+iM=
docs/video/pointcloud/work/work.mp4,P1J8iGl487Nv9VYcZ32AtcbbKLo=
docs/video/pointcloud/work/work.webm,CW7GQ1LXf9Jb9EYGU2mMMc9hm7g=
docs/video/structure/structure.m4v,LZ58AGbfsLjqAL/avW5dB8GdbzE=
docs/video/structure/structure.mp4,jhwGLz4lJ5M7ga+d5wrO0Cd2O8s=
docs/video/structure/structure.webm,sE2ZA+7z04J4hJdPdle+tTioXPc=
docs/video/thesystem-artificial-museum-demo.m4v,ZA6gdV5m3mCN1hPUksXt4fhjv4M=
docs/video/thesystem-artificial-museum-demo.mp4,rd9BHNbQKbpPenmIzKNSsQBJZHs=
docs/video/thesystem-artificial-museum-demo.png,hhYiNNZ/FbpZ10mZe+YizFfXCQ0=
docs/video/thesystem-artificial-museum-demo.webm,s0CFyTNSSHa7Ww9KD2KBgMCVEPY=
docs/video/thesystem-artificial-museum-demo.webp,zTRU/KQwsh/01rlPxulu5f9qens=
docs/video/thesystemgarden/thesystemgarden.m4v,6xdKQON9L8CQrW0Z4Zq9jPRPiVw=
docs/video/thesystemgarden/thesystemgarden.mp4,MVB7+IN7q1UksfsYvsmXAEEMx/c=
docs/video/thesystemgarden/thesystemgarden.webm,9Lugne6oTlghXnB/AaxptWfZ3q0=